sku,name,licenseType,licenseWeightKg,licenseFeeEuro,matchedOfficialSkuKey
10012b,Hemdchentragetaschen blau 2000 Stk.,LK,4.500,4.46,10012
10012g,Hemdchentragetaschen gelb 2000 Stk.,LK,4.500,4.46,10012
10012w,Hemdchentragetaschen weiss 2000 Stk.,LK,4.500,4.46,10012
10013,Hemdchentragetaschen weiss 1000 Stk.,LK,4.700,4.65,10013
10015w,Hemdchentragetaschen weiss 2000 Stk.,LK,5.500,5.45,10015
10016w,Hemdchentragetaschen weiss 2000 Stk.,LK,5.000,4.95,10016
10020b,Hemdchentragetaschen blau 2000 Stk.,LK,8.700,8.61,10020
10020g,Hemdchentragetaschen grün 2000 Stk.,LK,8.700,8.61,10020
10020or,Hemdchentragetaschen orange 2000 Stk.,LK,8.700,8.61,10020
10020w,Hemdchentragetaschen weiss 2000 Stk.,LK,8.700,8.61,10020
10025b,Hemdchentragetaschen blau 2000 Stk.,LK,6.100,6.04,10025
10025g,Hemdchentragetaschen gelb 2000 Stk.,LK,6.100,6.04,10025
10025w,Hemdchentragetaschen weiss 2000 Stk.,LK,6.100,6.04,10025
10027,"Hemdchentragetaschen ""OBST GEMÜSE"" 2000 Stk.",LK,7.000,6.93,10027
10030 B,Hemdchentragetaschen blau 2000 Stk.,LK,9.700,9.60,10030
10030or,Hemdchentragetaschen orange 2000 Stk.,LK,9.700,9.60,10030
10031g,Hemdchentragetaschen grün 2000 Stk.,LK,12.000,11.88,10031
10031or,Hemdchentragetaschen orange 2000 Stk.,LK,12.000,11.88,10031
10031w,Hemdchentragetaschen weiss 2000 Stk.,LK,12.000,11.88,10031
10033,"Hemdchentragetaschen ""Obst macht fit"" 1000 Stk.",LK,7.000,6.93,10033
10034,"Hemdchentragetaschen - ""Wochenmarkt"" 1000 Stk.",LK,5.500,5.45,10034
10035,"Hemdchentragetaschen - ""FISCH"" 1000 Stk.",LK,4.800,4.75,10035
10040w,Hemdchentragetaschen weiss 2000 Stk.,LK,7.400,7.33,10040
10050b,Jumbo Hemdchentragetaschen 1000 Stk.,LK,9.300,9.21,10050
10050w,Jumbo Hemdchentragetaschen 1000 Stk.,LK,9.300,9.21,10050
10055b,Jumbo Hemdchentragetaschen blau 1000 Stk.,LK,6.500,6.44,10055
10055g,Jumbo Hemdchentragetaschen grün 1000 Stk.,LK,6.500,6.44,10055
10055or,Jumbo Hemdchentragetaschen orange 1000 Stk.,LK,6.500,6.44,10055
10055w,Jumbo Hemdchentragetaschen weiss 1000 Stk.,LK,6.500,6.44,10055
10059,Tragetaschen 38x45+5cm 500 Stk. DKT,LK,5.000,4.95,10059
10060,MEHRWEG-Tragetaschen Groß 250 Stk.,LK,4.500,4.46,10060
10061,Tragetaschen 45x55+5cm 500 Stk. DKT,LK,8.000,7.92,10061
10062,Tragetaschen 50x60+5cm 250 Stk. DKT,LK,4.000,3.96,10062
10063,MEHRWEG-Tragetaschen Klein 400 Stk.,LK,4.600,4.55,10063
10064,MEHRWEG-Tragetaschen Jumbo 250 Stk.,LK,5.550,5.49,10064
10080,Schlaufentragetasche LDPCR weiss 250 st.,LK,7.750,7.67,10080
10120,HDPE-Flachbeutel 20 x 30 cm 2000 Stk.,LK,2.560,2.53,10120
10130,HDPE-Flachbeutel 25 x 35 cm 2000 Stk.,LK,3.080,3.05,10130
10135,HDPE-Flachbeutel 30 x 40 cm 2000 Stk.,LK,4.100,4.06,10135
10145,Fladenbrotbeutel 35 x 53 + 2 cm,LK,10.000,9.90,10145
10150,XL-Jumbo Hemdchentragetaschen 500 Stk.,LK,5.000,4.95,10150
10150b,XL-Jumbo Hemdchentragetaschen 500 Stk.,LK,5.000,4.95,10150
10156,XXL Jumbo Hemdchentragetaschen 500 Stk.,LK,7.500,7.43,10156
10156b,XXL Jumbo Hemdchentragetaschen 500 Stk.,LK,7.500,7.43,10156
10160,HDPE-Flachbeutel 40 x 60 cm 1000 Stk.,LK,6.000,5.94,10160
10179,Pomm-Döner Tüten 500 Stk.,LP,8.000,2.00,10179
10180,Bodenbeutel PP 145 x 235 mm 1000 Stück,LK,3.000,2.97,10180
10181,Bodenbeutel PP 115 x 190 mm 1000 Stück,LK,2.000,1.98,10181
10182,Bodenbeutel PP 95 x 160 mm 1000 Stück,LK,1.550,1.53,10182
10183,Bodenbeutel PP 100 x 170 mm 1000 Stück,LK,1.540,1.52,10183
10184,Bodenbeutel PP 100 x 200 mm 1000 Stück,LK,2.000,1.98,10184
10185,Bodenbeutel PP 120 x 225 mm 1000 Stück,LK,2.300,2.28,10185
10186,Bodenbeutel PP 160 x 270 mm 1000 Stück,LK,3.700,3.66,10186
10187,Bodenbeutel PP 180 x 300 mm 1000 Stück,LK,4.600,4.55,10187
10196,Seitenfaltenbeutel 60 + 40 x 80cm Transparent,LK,13.500,13.37,10196
10197,HT-Fleischsäcke 55 x 130cm Transparent 250 Stk.,LK,8.000,7.92,10197
10198,HT-Fleischsäcke 70 x 110cm Transparent 250 Stk.,LK,12.500,12.38,10198
10199,HT-Fleischsäcke 50 x 80cm Transparent 500 Stk.,LK,9.000,8.91,10199
10200,HT-Fleischsäcke 40 x 60cm Transparent 1000 Stk.,LK,9.000,8.91,10200
10201,Dinnerbox 3-geteilt XPS 200 Stk.,LK,6.000,5.94,10201
10202,Beutelverschlüsse ( CLIPSE ) 33x8 mm 1000 Stück,LK,0.200,0.20,10202
10203,Dinnerbox 2-geteilt XPS 200 Stk.,LK,6.000,5.94,10203
10300,Papiertragetaschen braun 18+8x22cm 250 Stück,LP,4.500,1.13,10300
10301,Papiertragetaschen braun 22+10x28cm 250 Stück,LP,6.500,1.63,10301
10302,Papiertragetaschen braun 22+10x36cm 250 Stück,LP,7.000,1.75,10302
10303,Papiertragetaschen braun 26+17x25cm 250 Stück,LP,8.500,2.13,10303
10306,Papiertragetaschen braun 26+12x35cm 250 Stück,LP,9.000,2.25,10306
10307,Papiertragetaschen braun 32+22x28cm 250 Stück,LP,12.000,3.00,10307
10308,Papiertragetaschen braun 32+17x42cm 250 Stück,LP,15.750,3.94,10308
10309,Papiertragetaschen braun 32+16x27cm 250 Stück,LP,8.200,2.05,10309
10310,Papiertragetaschen braun 45+17x47cm 150 Stück,LP,12.500,3.13,10310
10311,Papiertragetaschen braun 32+16x45cm 200 Stück,LP,11.600,2.90,10311
10400,Papiertragetaschen weiß 18+8x22cm 250 Stück,LP,4.200,1.05,10400
10401,Papiertragetaschen weiß 22+10x28cm 250 Stück,LP,6.000,1.50,10401
10402,Papiertragetaschen weiß 22+10x36cm 250 Stück,LP,6.500,1.63,10402
10403,Papiertragetaschen weiß 26+17x25cm 250 Stück,LP,9.000,2.25,10403
10406,Papiertragetaschen weiß 26+12x35cm 250 Stück,LP,8.500,2.13,10406
10407,Papiertragetaschen weiß 32+22x28cm 250 Stück,LP,11.000,2.75,10407
10408,Papiertragetaschen weiß 32+16x45cm 250 Stück,LP,12.000,3.00,10408
10416,"Bäckerfaltenbeutel 11x4,5x22cm - 1000 Stk.",LP,3.000,0.75,10416
10416-OD,"Bäckerfaltenbeutel 11x4,5x21cm - 1000 Stk.",LP,3.000,0.75,10416
10417,"Papierfaltenbeutel 12 x 5 x 25 cm ""Pizza""",LP,3.300,0.83,10417
10418,"Bäckerfaltenbeutel 12x4,5x24cm - 1000 Stk.",LP,3.300,0.83,10418
10418-OD,Bäckerfaltenbeutel 12x5x24cm - 1000 Stk.,LP,3.300,0.83,10418
10422,Bäckerfaltenbeutel 14x6x28cm - 1000 Stk.,LP,4.300,1.08,10422
10424,Bäckerfaltenbeutel 14x6x35cm - 1000 Stk.,LP,5.700,1.43,10424
10426,"Bäckerfaltenbeutel 15x6,5x32cm - 1000 Stk.",LP,5.300,1.33,10426
10428,"Bäckerfaltenbeutel 15x6,5x42cm - 1000 Stk.",LP,7.300,1.83,10428
10430,Bäckerfaltenbeutel 17x6x42cm - 1000 Stk.,LP,7.600,1.90,10430
10435,"Bäckerfaltenbeutel 20x7,5x45cm - 1000 Stk.",LP,11.000,2.75,10435
10446,Bestecktasche 7 x 28 cm gefädelt,LP,2.000,0.50,10446
10450,Klappschale 575ml Rechteckig 720 Stk.,LK,8.850,8.76,10450
10501,Keks-Box 1200ml 200 Stk.,LK,7.840,7.76,10501
10501D,Dessert-Box 1200ml 200 Stk.,LK,7.840,7.76,10501
10501S,Salatbox-Box 1200ml Rechteckig 200 Stk.,LK,7.840,7.76,10501
10502,Keks-Box 800ml 200 Stk.,LK,7.120,7.05,10502
10502D,Dessert-Box 800ml 200 Stk.,LK,7.120,7.05,10502
10502S,Salatbox-Box 800ml Rechteckig 200 Stk.,LK,7.120,7.05,10502
10534,PP Suppenschalen 750 ml - 1000 Stk.,LK,13.000,12.87,10534
10540,Soup To Go-Becher 1000ml PP weiß,LK,8.100,8.02,10540
10541,Deckel für Soup To Go Becher 1000ml PP weiß,LK,3.300,3.27,10541
10635,Bäckerfaltenbeutel 20x10x35cm - 1000 Stk.,LP,9.700,2.43,10635
10636,Bäckerrolle 50cm 10 kg - 1 Rolle,LP,10.000,2.50,10636
10703,"Trinkbecher 300ml Pappe ""Coca Cola"" 2000 Stk.",LP,14.000,3.50,10703
10704,"Trinkbecher 400ml Pappe ""Coca Cola"" 1000 Stk.",LP,11.000,2.75,10704
10705,"Trinkbecher 500ml Pappe ""Coca Cola"" 1000 Stk.",LP,13.000,3.25,10705
10762,Snacktasche weiß mit Zeitungsmotiv 1000 St.,LP,2.400,0.60,10762
10763,Snacktasche braun mit Zeitungsmotiv 1000 St.,LP,1.800,0.45,10763
10764,Snacktasche Braun unbedruckt 2000 Stk.,LP,4.500,1.13,10764
10768,Pommes spitztüten 17 cm 1000 Stk,LP,1.400,0.35,10768
10769,Pommes spitztüten 19 cm 1000 Stk,LP,1.700,0.43,10769
10770,Pommes spitztüten 23 cm 1000 Stk,LP,2.250,0.56,10770
10771,"Papierspitztüten ""Fish & Chips"" 19cm 500 Stk.",LP,2.700,0.68,10771
10779,Deckel Für Coffee To Go Becher - 1000 Stk.,LK,3.700,3.66,10779
10779S,Deckel Für Coffee To Go Becher - 1000 Stk.,LK,3.700,3.66,10779
10783,Coffee to Go Becher - 400ml - 1000 Stk.,LP,14.400,3.60,10783
10789,Deckel für Pappbecher 400-500ml 2000 Stk.,LK,3.800,3.76,10789
10801,Deckel für Pappbecher 300ml 1000 Stk.,LK,1.450,1.44,10801
10803,Trinkbecher 300ml Pappe weiß 2000 Stk.,LP,13.800,3.45,10803
10804,Trinkbecher 400ml Pappe weiß 1000 Stk.,LP,10.200,2.55,10804
10805,Trinkbecher 500ml Pappe weiß 1000 Stk.,LP,12.100,3.03,10805
10890,Gyros Pita Beutel Fettdicht 35g/qm 2000 Stk.,LP,4.500,1.13,10890
10891,"Papierspitztüten ""Fish & Chips"" 23cm 500 Stk.",LP,1.900,0.48,10891
10909,"Hemdchentragetaschen - ""Döner Kebap"" 1000 Stk.",LK,3.800,3.76,10909
10910,"Hemdchentragetaschen - ""Gyros Pita"" 1000 Stk.",LK,3.800,3.76,10910
10920,"Hemdchentragetaschen - "" PIZZA "" 1000 Stk.",LK,10.400,10.30,10920
11000,300 St. Salatbox 1000ml Sechseckig,LK,8.300,8.22,11000
11049W,Dressingbecher 30ml mit Deckel 500 Stk.,LK,0.900,0.89,11049
11100,300 St. Salatschale 1000 ml rund,LK,6.500,6.44,11100
11101,300 St. Flacheckel für Salatschale 1000ml,LK,3.900,3.86,11101
11125,Feinkostbecher 125ml rund ohne Deckel 1000 Stk.,LK,1.600,1.58,11125
11125B,Feinkostbecher 125ml rund mit Deckel 1000 Stk.,LK,1.600,1.58,11125
11125K,Feinkostbecher 125ml rund mit Deckel 250 Stk.,LK,1.600,1.58,11125
11126,Feinkostbecher 125ml eckig o.Deckel 1000 Stk.,LK,1.500,1.49,11126
11126B,Feinkostbecher 125ml eckig mit Deckel 1000 Stk.,LK,1.500,1.49,11126
11126K,Feinkostbecher 125ml eckig mit Deckel 250 Stk.,LK,1.500,1.49,11126
11129,Feinkostbecher 300ml rund ohne Deckel 1000 Stk.,LK,5.400,5.35,11129
11250,Feinkostbecher 250ml rund ohne Deckel 1000 Stk.,LK,1.700,1.68,11250
11250B,Feinkostbecher 250ml rund mit Deckel 1000 Stk.,LK,1.700,1.68,11250
11250K,Feinkostbecher 250ml rund mit Deckel 250 Stk.,LK,1.700,1.68,11250
11251,Feinkostbecher 250ml eckig o.Deckel 1000 Stk.,LK,1.750,1.73,11251
11251B,Feinkostbecher 250ml eckig mit Deckel 1000 Stk.,LK,1.750,1.73,11251
11251K,Feinkostbecher 250ml eckig mit Deckel 250 Stk.,LK,1.750,1.73,11251
11301B,Feinkostbecher 300ml rund mit Deckel 1000 Stk.,LK,1.900,1.88,11301
11301K,Feinkostbecher 300ml rund mit Deckel 250 Stk.,LK,1.900,1.88,11301
11375,300 St. Salatbox 375ml Sechseckig,LK,4.100,4.06,11375
11376,600 St. Salatbox 250ml Sechseckig,LK,6.500,6.44,11376
11498,Becherhalter holzschliff für 4 Becher,LP,6.300,1.58,11498
11499,Becherhalter für 2 Becher,LP,7.000,1.75,11499
11500,Feinkostbecher 500ml rund ohne Deckel 1000 Stk.,LK,2.400,2.38,11500
11500B,Feinkostbecher 500ml rund mit Deckel 1000 Stk.,LK,2.400,2.38,11500
11500K,Feinkostbecher 500ml rund mit Deckel 250 Stk.,LK,2.400,2.38,11500
11501,Feinkostbecher 500ml eckig o.Deckel 1000 Stk.,LK,2.300,2.28,11501
11501B,Feinkostbecher 500ml eckig mit Deckel 1000 Stk.,LK,2.300,2.28,11501
11501K,Feinkostbecher 500ml eckig mit Deckel 250 Stk.,LK,2.300,2.28,11501
11509,Espresso To Go Becher 100 ml-1000 Stk.,LP,2.520,0.63,11509
11511,Coffee to Go Becher 300ml,LP,11.000,2.75,11511
11512,Deckel Für Coffee To Go Becher - 1000 Stk.,LK,3.400,3.37,11512
11512S,Deckel Für Coffee To Go Becher - 1000 Stk.,LK,3.400,3.37,11512
11513,Coffee to Go Becher - 200ml - 1000 Stk.,LP,8.000,2.00,11513
11514,Trinkbecher 400ml - klar,LK,11.200,11.09,11514
11514A,Ausschankbecher Bierbecher 400ml Klar,LK,11.200,11.09,11514
11515,Thermobecher 180ml - braun,LK,13.000,12.87,11515
11516,Trinkbecher 200ml - weiß,LK,8.300,8.22,11516
11516A,Ausschankbecher 200ml - weiß,LK,8.300,8.22,11516
11516K,Trinkbecher 200ml - klar,LK,8.300,8.22,11516
11517,Trinkbecher 300ml - weiß,LK,12.000,11.88,11517
11517A,Ausschankbecher 300ml - weiß,LK,12.000,11.88,11517
11518,Trinkbecher 500ml - klar mit Schaumrand,LK,11.800,11.68,11518
11518A,Ausschankbecher 500ml Klar,LK,11.800,11.68,11518
11521,Dressingbecher 50ml mit Deckel 500 Stk.,LK,1.600,1.58,11521
11522,Dressingbecher 100ml mit Deckel 500 Stk.,LK,1.800,1.78,11522
11523,Dressingbecher 80ml mit Deckel 500 Stk.,LK,1.600,1.58,11523
11535,PP Suppenschalen 500 ml - 1000 Stk.,LK,8.500,8.42,11535
11552A,Ausschankbecher klar mit Schaumrand - 300ml,LK,10.300,10.20,11552
11552B,Bierbecher klar mit Schaumrand - 300ml,LK,10.300,10.20,11552
11552K,Trinkkbecher klar mit Schaumrand - 300ml,LK,10.300,10.20,11552
11565,"Papierfaltenbeutel 10 x 8 x 20 cm ""Dürüm""",LP,3.100,0.78,11565
11580,PP Mehrweg-Menüteller ungeteilt 100 Stk.,LK,12.000,11.88,11580
11581,PP Mehrweg-Menüteller 2 geteilt 100 Stk.,LK,12.000,11.88,11581
11582,PP Mehrweg-Menüteller 3 geteilt 100 Stk.,LK,12.000,11.88,11582
11600,300 St. Salatbox 500ml Sechseckig,LK,5.000,4.95,11600
11604,Dom-Deckel ohne Loch,LK,3.440,3.41,11604
11605,Dom-Deckel mit Loch,LK,3.360,3.33,11605
11606,Smoothie-Cups 225ml,LK,7.280,7.21,11606
11607,Smoothie-Cups 300ml,LK,8.880,8.79,11607
11608,Smoothie-Cups 400ml,LK,8.480,8.40,11608
11609,Smoothie-Cups 500ml,LK,9.600,9.50,11609
11610,500 St. Salatschale 610 ml. rund,LK,4.700,4.65,11610
11611,500 St. Dom-Deckel für Salatschale 610 ml,LK,4.100,4.06,11611
11655,Salatbox 500ml Achteckig 400 St.,LK,5.300,5.25,11655
11656,Salatbox 750ml Achteckig 200 Stück,LK,3.750,3.71,11656
11700,Hähnchenbeutel für 1/2 Hähnchen 1000 Stk.,LK,10.300,10.20,11700
11710,Hähnchenbeutel für 1/1 Hähnchen 1000 Stk.,LK,16.200,16.04,11710
11750,300 St. Salatbox 750ml Sechseckig,LK,7.000,6.93,11750
11780,Runddeckel für Feinkostbecher 1000 Stk.,LK,2.100,2.08,11780
11950,Salatschalen Pappe Braun 500ml 300 stk.,LP,4.200,1.05,11950
11951,Salatschalen Pappe Braun 750ml 300 stk.,LP,5.700,1.43,11951
11952,Salatschalen Pappe Braun 1100ml 300 stk.,LP,6.000,1.50,11952
11953,Deckel für Salatschale Pappe 500-750 ml,LK,2.100,2.08,11953
11954,Deckel für Salatschale Pappe 1100-1300 ml,LK,3.600,3.56,11954
11955,Salatschalen Pappe Braun 1300 ml 300 stk.,LP,6.900,1.73,11955
12030,PVC- Frischhaltefolie lila 30 cm,LK,3.000,2.97,12030
12031,Frischhaltefolie 30cm x 300 m,LK,2.800,2.77,12031
12032,Frischhaltefolie 45 cm x 300 m,LK,4.200,4.16,12032
12034,PVC- Frischhaltefolie lila 45 cm,LK,4.500,4.46,12034
12035,PVC- Frischhaltefolie lila 60 cm,LK,6.000,5.94,12035
12044-UNO,Döner Box 16oz 500 Stk.,LP,8.500,2.13,12044
12046,Döner-Box 26oz groß 500 Stk.,LP,10.000,2.50,12046
12046-UNO,Döner Box 26oz groß 500 Stk.,LP,10.000,2.50,12046
12048,Asia-Box 16oz 500 Stk.,LP,8.500,2.13,12048
12049,Asia-Box 26oz 500 Stk.,LP,10.000,2.50,12049
12054,SERA Frischhaltefolie 45cm,LK,6.530,6.46,12054
12067,Alufolie 45cm x 150m - 14my,LA,10.000,9.90,12067
12069,Alufolie 30cm x 80m - 11my,LA,2.530,2.50,12069
12070,Alufolie 30cm x 150m - 11my,LA,5.000,4.95,12070
12071,Alufolie 30cm x 90m - 11my,LA,3.400,3.37,12071
12072,Alufolie 45cm x 80m -14my,LA,5.000,4.95,12072
12073,Alufolie 30cm x 100m - 14my,LA,4.880,4.83,12073
12075,Polybeutel LDPE 40 x 60 cm 500 Stk.,LK,8.800,8.71,12075
12076,LDPE-Flachbeutel 30 x 40 cm 1000 Stk,LK,4.600,4.55,12076
12077,Polybeutel LDPE 30 x 50 cm 1000 Stk.,LK,11.500,11.39,12077
12078,LDPE-Flachbeutel 20 x 30 cm 1000 Stk,LK,2.100,2.08,12078
12079,LDPE-Flachbeutel 25 x 35 cm 1000 Stk,LK,3.400,3.37,12079
12081,LDPE-Flachbeutel 30 x 50 cm 1000 Stk,LK,5.600,5.54,12081
12082,Polybeutel LDPE 40 x 60 cm 1000 Stk.,LK,7.500,7.43,12082
12083,LDPE-Flachbeutel 15 x 20 cm 1000 Stk,LK,1.400,1.39,12083
12090,LDPE-Flachbeutel 16 x 24 cm 1000 Stk,LK,1.500,1.49,12090
12100,Gyros Box neutralmotiv klein 500 Stk.,LP,8.500,2.13,12100
12200,Pasta Box Nudelbox Klein 500 Stk.,LP,8.500,2.13,12200
12201,Pasta Box Nudelbox Gross 500 Stk.,LP,9.500,2.38,12201
12537,Pergament-Ersatz 1/8 Bogen - 1 karton,LP,12.500,3.13,12537
12538,Pergament-Ersatz 1/16 Bogen - 1 Karton,LP,12.500,3.13,12538
12539,Pergament-Ersatz 1/4 Bogen - 1 Karton,LP,12.500,3.13,12539
13018,Alu Einlegedeckel für R28L - (450B) - 100 Stk.,LP,0.500,0.13,13018
13020,Alu Einlegedeckel für (R84L) - 100Stk.,LP,0.950,0.24,13020
13021,Aluschale 670ml. R13L (670B) - 100 Stk.,LA,0.790,0.78,13021
13022,Alu Einlegedeckel für R13L (670B) - 100Stk.,LP,0.560,0.14,13022
13023,Aluschale 860ml. R84L - 100Stk.,LA,1.050,1.04,13023
13025,Aluschale 650ml. R65L (650B) - 100 Stk.,LA,0.980,0.97,13025
13027,Aluschale 901ml. R14L - 100Stk.,LA,0.960,0.95,13027
13028,"Alu Schale, 450ml. R28L (450B) 100 Stk.",LA,0.550,0.54,13028
13029,Aluschale rund 770ml C801-770L - 100Stk.,LA,0.860,0.85,13029
13031,Alu Einlegedeckel für R14L -100Stk.,LP,0.650,0.16,13031
13032,Alu Menüschale 3 geteilt - tief 960ml (R819-960G) - 100 Stk.,LA,1.770,1.75,13032
13038,Alu Menüschale ungeteilt 930 ml (R879-930G) - 100 Stk.,LA,1.150,1.14,13038
13040,Alu Menüschale 2 geteilt - 830ml (R880-812G) - 100 Stk.,LA,1.160,1.15,13040
13041,Alu Einlegedeckel für Menüschalen - 100 Stk.,LA,0.550,0.54,13041
13042,Alu Menüschale 3 geteilt - 760ml (R881-760G) - 100 Stk.,LA,1.220,1.21,13042
13043,Alu Menüschale 2 geteilt - tief (R808-1020G) - 100 Stk.,LA,1.410,1.40,13043
13044,Alu Einlegedeckel für R65L (650B) - 100 Stk.,LP,0.820,0.21,13044
13045,Alu Partyplatte klein oval 100 Stk.,LA,2.600,2.57,13045
13045-A,Alu Partyplatte klein oval 10 Stk.,LA,2.600,2.57,13045
13045-AK,"Party-Platten klein mit Catering-Kartons, 10 Stk.",LA,2.600,2.57,13045
13046,Alu Partyplatte mittel oval 120 Stk.,LA,4.920,4.87,13046
13046-A,Alu Partyplatte mittel oval 10 Stk.,LA,4.920,4.87,13046
13046-AK,"Party-Platten mittel mit Catering-Kartons, 10 Stk.",LA,4.920,4.87,13046
13047,Alu Partyplatte groß oval 100 Stk.,LA,9.500,9.41,13047
13047-A,Alu Partyplatte groß oval 10 Stk.,LA,9.500,9.41,13047
13047-AK,"Party-Platten Groß mit Catering-Kartons, 10 Stk.",LA,9.500,9.41,13047
13048,"Alu Menüschale ungeteilt, tief (R792-1150G) - 100 Stk.",LA,1.340,1.33,13048
13049,Alu Großschale 2625ml 300 Stk.,LA,3.000,2.97,13049
13049-A,Alu-Großschale 10 Stk. 2625 ml,LA,3.000,2.97,13049
13050,Alu Großschale 5350 ml - 100 Stk.,LA,10.300,10.20,13050
13050-A,Alu Großschale 10 Stk. 5350 ml,LA,10.300,10.20,13050
13063,Klarsichtdeckel für Alu Menüschalen 250 St.,LA,8.500,8.42,13063
13100,Food Box 16oz Braun 500 Stk,LP,8.500,2.13,13100
13101,Food Box 26oz Braun 500 Stk,LP,10.000,2.50,13101
13349,Suppenbecher aus Pappe 470ml mit Deckel,LK,2.700,2.67,13349
13350,"Soup To Go-Becher ""airpac"" 350ml",LK,7.200,7.13,13350
13351,"Soup To Go-Becher ""airpac"" 500ml",LK,7.800,7.72,13351
13352,"Soup To Go-Becher ""airpac"" 750ml",LK,9.000,8.91,13352
13353,Deckel für airpac Soup To Go Becher,LK,2.100,2.08,13353
13749,Wachspapier 1/4 Bogen - 1 Karton,LP,12.500,3.13,13749
13750,Wachspapier 1/8 Bogen - 1 Karton,LP,12.500,3.13,13750
13751,Einschlagpapier Rosa 1/4 Bogen -,LP,12.500,3.13,13751
13752 BLAU,Frischpack Papier 1/4 Bogen - 1 Karton,LP,12.500,3.13,13752
13752R,Frischpack Papier 1/4 Bogen - 1 Karton,LP,12.500,3.13,13752
13753,Achteck-Salatschalen 500ml 350 Stk.,LK,4.400,4.36,13753
13754,Deckel für Achteck-Salatschalen 350 Stk.,LK,2.000,1.98,13754
13757,Achteck-Salatschalen 1000 ml 350 Stk.,LK,6.100,6.04,13757
14008,"Menübox ungeteilt XPS, cream 200 Stk.",LK,2.500,2.48,14008
14012,"Menübox ungeteilt XPS, weiss 200 Stk.",LK,3.000,2.97,14012
14013,"Lunch-Box, IP8, weiß 500 Stk.",LK,3.750,3.71,14013
14014,"Hamburger-Box, IP6, groß cream 500 Stk.",LK,3.000,2.97,14014
14014 W,"Hamburger-Box, IP6, groß weiß 500 Stk.",LK,3.000,2.97,14014
14015,"Hamburger-Box, IP7 klein, weiss 500 Stk.",LK,2.400,2.38,14015
14019,"Lunch-Box, IP10, cream 500 Stk.",LK,5.000,4.95,14019
14019W,"Lunch-Box, IP10, weiß 500 Stk.",LK,5.000,4.95,14019
14020,"Lunch-Box, IP9, weiß 500 Stk.",LK,3.800,3.76,14020
14020 cream,"Lunch-Box, IP9, cream 500 Stk.",LK,3.800,3.76,14020
14022,"Hot-Dog-Box Schaum, weiß 500 Stk.",LK,2.500,2.48,14022
14026,100 St. B2 Salatschale 400 ml,LK,2.700,2.67,14026
14027,100 St. Deckel für Salatschale B2,LK,4.800,4.75,14027
14028,100 St. B3 Salatschale 750 ml,LK,4.320,4.28,14028
14029,100 St. Deckel für Salatschale B3,LK,8.100,8.02,14029
14030,Menüschale 608 ungeteilt versiegelbar 500 Stk.,LK,4.750,4.70,14030
14031,Menüschale 602 2-geteilt versiegelbar 200 Stk.,LK,3.400,3.37,14031
14032,Alu Siegelfolie für Siegelgeräte,LA,4.650,4.60,14032
14034,Menüschale 613 2-geteilt versiegelbar 600 Stk.,LK,8.100,8.02,14034
14036,Menüschale 603 Versiegelbar 200 Stk.,LK,3.400,3.37,14036
14037,Menüschale 611 ungeteilt versiegelbar 1200 Stk.,LK,5.400,5.35,14037
14038,"Menübox 2-geteilt XPS, cream 200 Stk.",LK,2.500,2.48,14038
14039,"Menübox 3 geteilt XPS, cream 200 Stk.",LK,2.500,2.48,14039
14040,"Menübox 3 geteilt XPS, weiss 200 Stk.",LK,3.000,2.97,14040
14043,"Menübox 2-geteilt XPS, weiss 200 Stk.",LK,3.000,2.97,14043
14050,"Menüschalen - schwarz, ungeteilt 300 Stück",LK,9.000,8.91,14050
14051,"Menüschalen - schwarz, 2 geteilt, 300 Stück",LK,9.000,8.91,14051
14052,Deckel für Menüschalen schwarz - 300 Stück,LK,4.050,4.01,14052
14053,Menüschale 609 ungeteilt versiegelbar 500 Stk.,LK,4.750,4.70,14053
14055,Octaview Boxen mit anhängendem Deckel 1000 ml,LK,8.750,8.66,14055
14060,Hamburger Papier PE-beschichtet 31x40 cm,LP,4.100,1.03,14060
14061,Hamburger Papier 25x33 cm 2000st Blau,LP,5.500,1.38,14061
14062,Hamburger Papier 25x33 cm Orange,LP,5.500,1.38,14062
14098,Dessert Schachteln für Baklava 1000g - 200 Stk.,LP,15.750,3.94,14098
14099,Dessert Schachteln für Baklava 500g - 200 Stk.,LP,9.800,2.45,14099
14103,Dessert Schachteln für Baklava 250g - 200 Stk.,LP,5.700,1.43,14103
14111,Keksschachteln 500g - 100 Stk.,LP,4.130,1.03,14111
14112,Keksschachtel 1000g - 100 Stk.,LP,7.600,1.90,14112
14126,Keksschachtel 750g - 100 Stk.,LP,5.700,1.43,14126
15013,Calzonebox 27x16x7cm 200 Stk.,LP,13.250,3.31,15013
15037,Rollobox 28x8x7cm 200 Stk.,LP,8.900,2.23,15037
15204,Pizzakartons NewYork 20x20x4.2cm 100 Stk.,LP,5.400,1.35,15204
15224,Pizzakarton New York 22x22x4.2cm 100 Stk.,LP,6.200,1.55,15224
15244,Pizzakarton NewYork 24x24x4.2cm 100 Stk.,LP,7.200,1.80,15244
15264,Pizzakarton NewYork 26x26x4.2cm 100 Stk.,LP,8.100,2.03,15264
15284,Pizzakarton NewYork 28x28x4.2cm 100 Stk.,LP,9.400,2.35,15284
15294,Pizzakartons NewYork 29x29x4.2cm 100 Stk.,LP,9.700,2.43,15294
15304,Pizzakartons NewYork 30x30x4.2cm 100 Stk.,LP,10.600,2.65,15304
15314,Pizzakartons New York 31x31x4.2cm 100 Stk.,LP,11.000,2.75,15314
15324,Pizzakartons NewYork 32x32x4.2cm 100 Stk.,LP,15.800,3.95,15324
15405,Pizzakartons Metro 40x40x5cm 100 Stk.,LP,18.700,4.68,15405
15650,Burgerbox Hamburgerbox,LP,4.500,1.13,15650
16069,Hemdchentragetaschen weiss 1000 Stk.,LK,4.400,4.36,16069
16070,Hemdchentragetaschen weiss 1000 Stk.,LK,5.200,5.15,16070
17021,Ananasbecher 1000ml rund 250 Stk.,LK,7.000,6.93,17021
17022,Deckel für Ananasbecher 1000ml 500 Stk.,LK,1.800,1.78,17022
18010,"Metzgerfaltenbeutel 15+6,5x28cm - 1000 Stk.",LP,8.000,2.00,18010
18011,"Metzgerfaltenbeutel 20+6,5x32cm - 1000 Stk.",LP,11.000,2.75,18011
19010,Pommesschalen 9x14x3cm 2000 Stk.,LP,11.400,2.85,19010
19011,Pommesschalen 9x16x3cm 2000 Stk.,LP,11.900,2.98,19011
19018,Pappteller Rund 18 cm 1000 Stk.,LP,7.400,1.85,19018
19020,Pappteller Rund 20cm 1000 Stk.,LP,11.300,2.83,19020
19023,Pappteller Rund 23cm 1000 Stk.,LP,8.000,2.00,19023
19025,Pappteller Rund Braun 23cm 900 Stk.,LP,10.800,2.70,19025
19026,Kuchenteller Rund 26cm 250 Stk.,LP,6.700,1.68,19026
19028,Kuchenteller Rund 28cm 200 Stk.,LP,6.500,1.63,19028
19030,Kuchenteller Rund 30cm 250 Stk.,LP,8.500,2.13,19030
19032,Kuchenteller Rund 32cm 250 Stk.,LP,9.300,2.33,19032
19034,Kuchenteller Rund 34cm 200 Stk.,LP,9.800,2.45,19034
19060,Pappschalen 15x23x2cm KU60 1000 Stk.,LP,9.600,2.40,19060
19079,3000 Stk. Pappteller Eckig mit abriss 9 x 15 +3 cm,LP,13.000,3.25,19079
19080,3000 Stk. Pappteller Eckig mit abriss 8 x 18 +3 cm,LP,14.700,3.68,19080
19116,3000 Stk. Pappteller Eckig 10 x 16 Flach,LP,16.700,4.18,19116
19120,1500 Stk. Pappteller Eckig 13 x 20 Flach,LP,12.700,3.18,19120
19122,"Pommesschalen 12x21x3,5cm 1000 Stk.",LP,8.800,2.20,19122
19124,1000 Stk. Pappteller Eckig 16 x 23 Flach,LP,13.800,3.45,19124
19125,1000 Stk. Pappteller Eckig 18 x 26 Flach,LP,21.300,5.33,19125
19126,250 Stk. Pappteller Eckig 21 x 29 Flach,LP,7.800,1.95,19126
19133,250 Stk. Pappteller Eckig 24 x 33 Flach,LP,11.500,2.88,19133
19175,Pommesschalen 10x17x3cm 2000 Stk.,LP,13.200,3.30,19175
19195,"Pommesschalen 11x19x3,5cm 1000 Stk.",LP,8.000,2.00,19195
19196,Pappschalen 13x18x3cm KU 41 1000 Stk.,LP,10.300,2.58,19196
19198,"Transport- und Catering-Kartons, klein 110 Stk.",LP,13.200,3.30,19198
19198K,"Transport- und Catering-Kartons, klein 10 Stk.",LP,13.200,3.30,19198
19199,"Transport- und Catering-Kartons, mittel 80 Stk.",LP,14.400,3.60,19199
19199M,"Transport- und Catering-Kartons, mittel 10 Stk.",LP,14.400,3.60,19199
19200,"Transport- und Catering-Kartons, groß, 40 Stk.",LP,16.680,4.17,19200
19200G,"Transport- und Catering-Kartons, groß, 10 Stk.",LP,16.680,4.17,19200
19201,Pommestüten aus Pergamentersatz 19cm 125gr,LP,1.800,0.45,19201
19202,Pommestüten aus Pergamentersatz 21cm 200gr,LP,2.300,0.58,19202
19203,Pommestüten aus Pergamentersatz 23cm 250gr,LP,2.750,0.69,19203
19220,"Spitzbecher / Papierkegel (Cones) – in Weiß, 8oz (200 ml)",LP,7.500,1.88,19220
19250,Eisbecher 90ml Milky,LP,8.570,2.14,19250
19251,Eisbecher 190ml Milky,LP,7.550,1.89,19251
19252,Eisbecher 370ml Milky,LP,8.940,2.24,19252
19253,Eisbecher 500ml Milky,LP,9.970,2.49,19253
19254,Eisbecher 750ml Milky,LP,5.400,1.35,19254
19255,Eisbecher 1000ml Milky,LP,6.600,1.65,19255
19309,Hamburger-Box klein Bagasse 500 Stk.,LP,6.600,1.65,19309
19310,Hamburger-Box groß Bagasse 500 Stk.,LP,9.000,2.25,19310
19311,Hamburger-Box L braun 400 Stk.,LP,9.750,2.44,19311
19312,Burgerbox -S- Wellpappe 105x102x84mm 210 Stk.,LP,4.800,1.20,19312
19313,Burgerbox -M- Wellpappe 115x115x90mm 220 Stk.,LP,6.800,1.70,19313
19314,Burgerbox -L-Wellpappe 125x125x100mm 200 Stk,LP,6.750,1.69,19314
19315,Lunch-Box IP10 Bagasse 500 Stk.,LP,15.600,3.90,19315
19351,"Menübox ungeteilt Bagasse, 200 Stk.",LP,8.200,2.05,19351
19352,"Menübox 2-geteilt Bagasse, 200 Stk.",LP,8.500,2.13,19352
19353,"Menübox 3-geteilt Bagasse, 200 Stk.",LP,8.300,2.08,19353
19400,Lunchboxen braun Kraftkarton 180 Stk.,LP,7.500,1.88,19400
19623,2000 Stk. Pappteller Eckig 8 x 23 Flach,LP,14.500,3.63,19623
19897,Obst Bodenbeutel 1000g 1000 Stk.,LP,7.200,1.80,19897
19898,Obst Bodenbeutel 1500g 1000 Stk.,LP,9.500,2.38,19898
19899,Obst Bodenbeutel 2000g 500 Stk.,LP,5.600,1.40,19899
19900,Obstspitztüten 750g 1000 Stk.,LP,6.700,1.68,19900
19901,Obstspitztüten 1500g 1000 Stk.,LP,9.000,2.25,19901
234650,Snackschalen 500ml - 185x135x45mm,LP,8.800,2.20,234650
234675,Snackschalen 400ml - 170x125x45mm,LP,8.700,2.18,234675
234676,Snackschalen 800ml - 210x150x55mm,LP,8.000,2.00,234676
234680,Snackschalen 300ml - 155x115x40mm,LP,7.200,1.80,234680
300107,Hot-Dog Beutel 9x21cm Braun Kraft | 2-seitig offen,LP,1.650,0.41,300107
303218,Lunchtüte braun - S - 18+13x30cm,LP,9.750,2.44,303218
303220,Lunchtüte braun - M - 22+14x29cm,LP,5.000,1.25,303220
303221,Lunchtüte braun - L - 26+17x34cm,LP,5.500,1.38,303221
61116,Asia Box GUTEN APPETiT 16oz,LP,8.500,2.13,61116
61126,Asia Box GUTEN APPETiT 26oz,LP,10.000,2.50,61126
99872,Knotenbeutel 5kg 4000 Stück,LK,8.500,8.42,99872
99874,Knotenbeutel 3kg 5000 Stück,LK,7.650,7.57,99874
99875,Knotenbeutel 5kg 3000 Stück,LK,6.800,6.73,99875
99878,Knotenbeutel 5kg 4000 Stück -Extra Stark-,LK,10.500,10.40,99878
