sku,name,reason
10121,Abreißbeutel LDPE 20 x 30 +3 cm 1000 Stk.,nicht_in_excel
10131,Abreißbeutel LDPE 25 x 35 +3 cm 1000 Stk.,nicht_in_excel
10139,Fladenbrotbeutel 30 x 58 + 2 cm,nicht_in_excel
10140,Fladenbrotbeutel 31 x 50 + 2 cm,nicht_in_excel
10143,Fladenbrotbeutel 38 x 42 + 2 cm,nicht_in_excel
10171,"Müllsäcke 120 Liter, 250 Stk, Blau",nicht_in_excel
10172,"Müllsäcke 120 Liter, 150 Stk. Blau",nicht_in_excel
10173,"Müllsacke 140 Liter, 250 Stk. Blau",nicht_in_excel
10174,Müllsäcke 60-80 Liter weiß 360Stk.,nicht_in_excel
10175,"Müllsäcke 130 Liter, 200 Stk. schwarz",nicht_in_excel
10176,Müllsack 120 Lt Transparent 250 Stk.,nicht_in_excel
10177,"Müllsäcke 240 Liter, 100 Stk. Blau",nicht_in_excel
10180-200,Bodenbeutel PP 145 x 235 mm 200 Stück,nicht_in_excel
10180-500,Bodenbeutel PP 145 x 235 mm 500 Stück,nicht_in_excel
10181-200,Bodenbeutel PP 115 x 190 mm 200 Stück,nicht_in_excel
10181-500,Bodenbeutel PP 115 x 190 mm 500 Stück,nicht_in_excel
10182-200,Bodenbeutel PP 95 x 160 mm 200 Stück,nicht_in_excel
10182-500,Bodenbeutel PP 95 x 160 mm 500 Stück,nicht_in_excel
10183-200,Bodenbeutel PP 100 x 170 mm 200 Stück,nicht_in_excel
10183-500,Bodenbeutel PP 100 x 170 mm 500 Stück,nicht_in_excel
10184-200,Bodenbeutel PP 100 x 200 mm 200 Stück,nicht_in_excel
10184-500,Bodenbeutel PP 100 x 200 mm 500 Stück,nicht_in_excel
10185-200,Bodenbeutel PP 120 x 225 mm 200 Stück,nicht_in_excel
10185-500,Bodenbeutel PP 120 x 225 mm 500 Stück,nicht_in_excel
10186-200,Bodenbeutel PP 160 x 270 mm 200 Stück,nicht_in_excel
10186-500,Bodenbeutel PP 160 x 270 mm 500 Stück,nicht_in_excel
10187-200,Bodenbeutel PP 180 x 300 mm 200 Stück,nicht_in_excel
10187-500,Bodenbeutel PP 180 x 300 mm 500 Stück,nicht_in_excel
10202-200,Beutelverschlüsse 33x8 mm Gold 200 Stück,nicht_in_excel
10427,Bäckerfaltenbeutel 15x7x35cm - 1000 Stk.,nicht_in_excel
10534-100,PP Suppenschalen 750 ml - 100 Stk.,nicht_in_excel
10601,Eislöffel - 13cm - Bunt - 500 Stk.,nicht_in_excel
10601-100,Kaffeelöffel - Einweg - in weiss 100 Stk.,nicht_in_excel
10601-1000,Kaffeelöffel - Einweg - in weiss 1000 Stk.,nicht_in_excel
10602,Eislöffel - 13cm - Sand - 500 Stk.,nicht_in_excel
10603,Eislöffel - 13cm - grün - 500 Stk.,nicht_in_excel
10604,Eislöffel - 13cm - blau - 500 Stk.,nicht_in_excel
10605,Eislöffel - 13cm - Orange - 500 Stk.,nicht_in_excel
10777,Servietten 39 x 39 cm 3 Lagig 1200 Stk.,nicht_in_excel
10782,Duni Erfrischungstuch Lemon 1000 Stk.,nicht_in_excel
10785,"Pappbecher mit Neutraldruck ""Enjoy"" 2000 Stück 200 ml",nicht_in_excel
10786,"Pappbecher mit Neutraldruck ""Enjoy"" 1000 Stück 400 ml",nicht_in_excel
10787,"Pappbecher mit Neutraldruck "" 300 ml",nicht_in_excel
10788,"Pappbecher mit Neutraldruck ""Enjoy"" 1000 Stück 500 ml",nicht_in_excel
10975,Cilan Falthandtuchspender HT10,nicht_in_excel
10979,DUNI Servietten 33 x 33 cm 2 Lagig 3000 Stk.,nicht_in_excel
10991,Tork Lunchservietten 33 x 33 cm 4000 Stk.,nicht_in_excel
10996,Servietten 33 x 33 cm weiß ca. 3000 Stk.,nicht_in_excel
10997,Servietten griechisch 40 x 40 1/8 Falz 1000 Stk.,nicht_in_excel
11001,Papierhandtücher 1 Lagig Natur 5000 Stk.,nicht_in_excel
11002,5000 Stk. Papierhandtücher 1 Lagig Grün,nicht_in_excel
11006,Servietten italienisch 40 x 40 1/8 Falz 1000 Stk.,nicht_in_excel
11007,Papierhandtücher 2 Lagig 3200 Stk.,nicht_in_excel
11326,Deckel für Feinkostbecher Rechteckig 1000 Stk.,nicht_in_excel
11520A,Ausschankbecher 200ml - klar,nicht_in_excel
11529,"Jumbo-Trinkhalme, Mehrweg, schwarz 5000 Stk.",nicht_in_excel
11534,"Jumbo-Trinkhalme, Mehrweg, Bunt 5000 Stk.",nicht_in_excel
11535-100,PP Suppenschalen 500 ml - 100 Stk.,nicht_in_excel
11541,Mehrweggabel - ECO Transparent 2000 Stk.,nicht_in_excel
11541-100,Mehrweggabel - ECO Transparent 100 Stk.,nicht_in_excel
11541-1000,Mehrweggabel - ECO Transparent 1000 Stk.,nicht_in_excel
11542,Mehrweglöffel - ECO Transparent 2000 Stk.,nicht_in_excel
11542-100,Mehrweglöffel - ECO Transparent 100 Stk.,nicht_in_excel
11542-1000,Mehrweglöffel - ECO Transparent 1000 Stk.,nicht_in_excel
11546,"Rührstäbchen 11,5cm weiß 2000 Stück",nicht_in_excel
11551,Automatenbecher 180ml - braun,nicht_in_excel
11567,Holzrührstäbchen 14cm 1000 Stück,nicht_in_excel
11568,Holzrührstäbchen 19cm 1000 Stück,nicht_in_excel
11569,Rührstäbchen 14cm weiß 1000 Stück,nicht_in_excel
11580-1,PP Mehrweg-Menüteller ungeteilt 1000 Stk.,nicht_in_excel
11581-1,PP Mehrweg-Menüteller 2 geteilt 1000 Stk.,nicht_in_excel
11582-1,PP Mehrweg-Menüteller 3 geteilt 1000 Stk.,nicht_in_excel
11590,Mehrwegmesser - Superior Transparent 2000 Stk.,nicht_in_excel
11590-100,Mehrwegmesser - Superior Transparent 100 Stk.,nicht_in_excel
11590-1000,Mehrwegmesser - Superior Transparent 1000 Stk.,nicht_in_excel
11591,Mehrwegmesser - Superior weiß 2000 Stk.,nicht_in_excel
11591-1000,Mehrwegmesser - Superior weiß 1000 Stk.,nicht_in_excel
11591-50,Mehrwegmesser - Superior weiß 50 Stk.,nicht_in_excel
11592,Mehrweggabel - Superior Transparent 2000 Stk.,nicht_in_excel
11592-100,Mehrweggabel - Superior Transparent 100 Stk.,nicht_in_excel
11592-1000,Mehrweggabel - Superior Transparent 1000 Stk.,nicht_in_excel
11593,Mehrweggabel - Superior schwarz 2000 Stk.,nicht_in_excel
11593-100,Mehrweggabel - Superior schwarz 100 Stk.,nicht_in_excel
11593-1000,Mehrweggabel - Superior Schwarz 1000 Stk.,nicht_in_excel
11595,Mehrweglöffel - Superior Weiß 2000 Stk.,nicht_in_excel
11595 S,Mehrweglöffel - Superior schwarz 2000 Stk.,nicht_in_excel
11595-1000,Mehrweglöffel - Superior weiß 1000 Stk.,nicht_in_excel
11595-1000 S,Mehrweglöffel - Superior schwarz 1000 Stk.,nicht_in_excel
11595-50,Mehrweglöffel - Superior weiß 50 Stk.,nicht_in_excel
11595-50 S,Mehrweglöffel - Superior schwarz 50 Stk.,nicht_in_excel
11596,Mehrweglöffel - Transparent 2000 Stk.,nicht_in_excel
11596-100,Mehrweglöffel - Superior Transparent 100 Stk.,nicht_in_excel
11596-1000,Mehrweglöffel - Superior Transparent 1000 Stk.,nicht_in_excel
11612,250 St. Salatschale 610 ml mit Deckel,nicht_in_excel
11642,1 Rolle Papiertischtuchrolle 100 cm x 100m,nicht_in_excel
11649,Midi Handtuchrollen 2 lagig weiß,nicht_in_excel
11649-AG-072,Rollenhandtücher 2 Lagig Weiss FUNNY AG-072,nicht_in_excel
11649-AG-083,Rollenhandtücher 2 Lagig Weiss FUNNY AG-083,nicht_in_excel
11784,"Pappbecher mit Neutraldruck "" 180 ml",nicht_in_excel
11956,Mehrweggabel - Superior weiß 2000 Stk.,nicht_in_excel
11956 -1000,Mehrweggabel - Superior weiß 1000 Stk.,nicht_in_excel
11956-100,Mehrweggabel - Superior weiß 100 Stk.,nicht_in_excel
12033,1 Rolle Handstretchfolie 50 cm,nicht_in_excel
12033-6,6 Rolle Handstretchfolie 50 cm,nicht_in_excel
12043,Dönertüten Fettdicht 35g/qm 2000Stk.,kein_lizenzwert_in_excel
12045,Dönertasche Fettdicht 35g/qm 4000 Stk.,kein_lizenzwert_in_excel
12050,25 Rollen Dönerfolie 30cm,kein_lizenzwert_in_excel
12053,Folienverpackungsmaschine 45cm,nicht_in_excel
12101,Gyros Box neutralmotiv groß 500 Stk.,nicht_in_excel
12107,Papier Trinkhalme schwarz Jumbo,nicht_in_excel
12108,Papier Trinkhalme naturbraun Jumbo,nicht_in_excel
12109,"Kurze Mehrweg-Trinkhalme, schwarz 7000 Stk.",nicht_in_excel
12540,"Holz-Messer - 16,5cm - 1000 Stk.",nicht_in_excel
12540-100,"Holz-Messer - 16,5cm - 100 Stk.",nicht_in_excel
12540-2500,"Holz-Messer - 16,5cm - 2000 Stk.",nicht_in_excel
12541,Holz-Gabel - 16cm - 1000 Stk.,nicht_in_excel
12541-100,Holz-Gabel - 16cm - 100 Stk.,nicht_in_excel
12541-2500,Holz-Gabel - 16cm - 2000 Stk.,nicht_in_excel
12542,Holz-Löffel - 16cm - 1000 Stk.,nicht_in_excel
12542-100,Holz-Löffel - 16cm - 100 Stk.,nicht_in_excel
12542-2500,Holz-Löffel - 16cm - 2000 Stk.,nicht_in_excel
12543-100,Holz-Kaffeelöffel - 11cm - 100 Stk.,nicht_in_excel
12543-1000,Holz-Kaffeelöffel - 11cm - 1000 Stk.,nicht_in_excel
12543-2500,Holz-Kaffeelöffel - 11cm - 2500 Stk.,nicht_in_excel
12544,Holzbesteck-Set 3-teilig 500 Stück,nicht_in_excel
13021-1200,Alu Schale mit Deckel 670ml. R13L (670B) 1200 Stk.,nicht_in_excel
13023-1000,Alu Schale mit Deckel 860ml. R84L 1000 Stk.,nicht_in_excel
13025-1200,Alu Schale mit Deckel 650ml. R65L (650B) 1200 Stk.,nicht_in_excel
13027-1000,Alu Schale mit Deckel 901ml. R14L 1000 Stk.,nicht_in_excel
13028-1000,Alu Schale mit Deckel 450ml. R28L (450B) 1000 Stk.,nicht_in_excel
13029-600,Alu Schale rund mit Deckel 770ml. C801-770L 600 Stk.,nicht_in_excel
13032-1000,"Alu Menüschale 3 geteilt, tief mit Deckel (R819-960G) -1000 Stk.",nicht_in_excel
13034,Alu Einlegedeckel rund für C801-770L - 100Stk.,nicht_in_excel
13038-1000,Alu Menüschale ungeteilt mit Deckel 930 ml (R879-930G)-1000 Stk.,nicht_in_excel
13040-1000,"Alu Menüschale 2-geteilt mit Deckel 830ml, (R880-812G) 1000 Stk",nicht_in_excel
13042-1000,Alu Menüschale 3 geteilt mit Deckel 760ml (R881-760G) 1000 Stk,nicht_in_excel
13043-1000,"Alu Menüschale 2 geteilt, tief mit Deckel (R808-1020G)-1000 Stk.",nicht_in_excel
13048-1000,"Alu Menüschale ungeteilt,tief mit Deckel (R792-1150G) 1000 Stk.",nicht_in_excel
13049-100,Alu Großschale 2625ml 100 Stk.,nicht_in_excel
13051,Folienabreisser 30 cm Breite,nicht_in_excel
13052,Folienspender 45 cm Breite,nicht_in_excel
14026-3,300 St. B2 Salatschale mit Deckel,nicht_in_excel
14028-3,300 St. B3 Salatschale mit Deckel,nicht_in_excel
14479,Seitenfaltenbeutel 60 + 42 x 65cm Transparent,nicht_in_excel
15334,Pizzakartons NewYork 33x33x4.2cm 100 Stk.,nicht_in_excel
15364,Pizzakartons NewYork 36x36x4.2cm 100 Stk.,nicht_in_excel
17788-Schwarz-L-100,Einmalhandschuhe Nitril - 100 Stk. Schwarz,nicht_in_excel
17788-Schwarz-L-1000,Einmalhandschuhe Nitril - 1000 Stk. Schwarz,nicht_in_excel
17788-Schwarz-M-100,Einmalhandschuhe Nitril - 100 Stk. Schwarz,nicht_in_excel
17788-Schwarz-M-1000,Einmalhandschuhe Nitril - 1000 Stk. Schwarz,nicht_in_excel
17788-Schwarz-S-100,Einmalhandschuhe Nitril - 100 Stk. Schwarz,nicht_in_excel
17788-Schwarz-S-1000,Einmalhandschuhe Nitril - 1000 Stk. Schwarz,nicht_in_excel
17788-Schwarz-XL-100,Einmalhandschuhe Nitril - 100 Stk. Schwarz,nicht_in_excel
17788-Schwarz-XL-1000,Einmalhandschuhe Nitril - 1000 Stk. Schwarz,nicht_in_excel
17789-BLAU-L-100,Einmalhandschuhe Nitril - 100 Stk. Blau,nicht_in_excel
17789-BLAU-L-1000,Einmalhandschuhe Nitril - 1000 Stk. Blau,nicht_in_excel
17789-BLAU-M-100,Einmalhandschuhe Nitril - 100 Stk. Blau,nicht_in_excel
17789-BLAU-M-1000,Einmalhandschuhe Nitril - 1000 Stk. Blau,nicht_in_excel
17789-BLAU-S-100,Einmalhandschuhe Nitril - 100 Stk. Blau,nicht_in_excel
17789-BLAU-S-1000,Einmalhandschuhe Nitril - 1000 Stk. Blau,nicht_in_excel
17789-BLAU-XL-100,Einmalhandschuhe Nitril - 100 Stk. Blau,nicht_in_excel
17789-BLAU-XL-1000,Einmalhandschuhe Nitril - 1000 Stk. Blau,nicht_in_excel
17790,Einweg-PE-Handschuhe,nicht_in_excel
18500,EC-Cash Thermorollen 57 x 35 x 12 mm 13 meter,nicht_in_excel
18501,Thermorollen 57mm x 50m x 12 mm,nicht_in_excel
18502,Thermorollen 80mm x 80m x 12 mm,nicht_in_excel
18503,Linerless Waagenetiketten 58 x 65m x 40 selbstklebend,nicht_in_excel
18504,Thermorollen 62mm x 50m x 12 mm,nicht_in_excel
19192,Holz Snack-Gabeln 12cm 1000 Stk.,nicht_in_excel
19193,"Pommes-Frites-Gabeln, Holz 8,5cm 1000 Stk.",nicht_in_excel
19194,"Eisspaten 9,5cm - bunt - 1 Kg",nicht_in_excel
19197,Pommes-Gabel Einweg 1000 Stk.,nicht_in_excel
228518,Servietten weiß 40x40cm 2-lagig 1/8 Falz,nicht_in_excel
228520,Servietten weiß 40x40cm 2-lagig 1/4 Falz,nicht_in_excel
228521,Servietten cream 40x40cm 2-lagig 1/4 Falz,nicht_in_excel
228522,Servietten gelb 40x40cm 2-lagig 1/4 Falz,nicht_in_excel
228523,Servietten rot 40x40cm 2-lagig 1/4 Falz,nicht_in_excel
228524,Servietten bordeaux 40x40cm 2-lagig 1/4 Falz,nicht_in_excel
228525,Servietten blau 40x40cm 2-lagig 1/4 Falz,nicht_in_excel
228526,Servietten grün 40x40cm 2-lagig 1/4 Falz,nicht_in_excel
228527,Servietten weiß 40x40cm 3-lagig 1/4 Falz,nicht_in_excel
228528,Servietten cream 40x40cm 3-lagig 1/4 Falz,nicht_in_excel
228529,Servietten gelb 40x40cm 3-lagig 1/4 Falz,nicht_in_excel
228530,Servietten rot 40x40cm 3-lagig 1/4 Falz,nicht_in_excel
228531,Servietten bordeaux 40x40cm 3-lagig 1/4 Falz,nicht_in_excel
228532,Servietten blau 40x40cm 3-lagig 1/4 Falz,nicht_in_excel
228533,Servietten grün 40x40cm 3-lagig 1/4 Falz,nicht_in_excel
228534,Servietten grün 40x40cm 3-lagig 1/4 Falz,nicht_in_excel
228535,Servietten grau 40x40cm 3-lagig 1/4 Falz,nicht_in_excel
228536,Servietten peach apricot 40x40cm 3-lagig 1/4 Falz,nicht_in_excel
228537,Servietten pink 40x40cm 3-lagig 1/4 Falz,nicht_in_excel
228538,Servietten weiß 33x33cm 2-lagig 1/8 Falz,nicht_in_excel
228539,Servietten cream 33x33cm 2-lagig 1/8 Falz,nicht_in_excel
228540,Servietten gelb 33x33cm 2-lagig 1/8 Falz,nicht_in_excel
228541,Servietten rot 33x33cm 2-lagig 1/8 Falz,nicht_in_excel
228542,Servietten bordeaux 33x33cm 2-lagig 1/8 Falz,nicht_in_excel
228543,Servietten blau 33x33cm 2-lagig 1/8 Falz,nicht_in_excel
228544,Servietten grün 33x33cm 2-lagig 1/8 Falz,nicht_in_excel
228553,Servietten weiß 33x33cm 3-lagig 1/4 Falz,nicht_in_excel
228555,Servietten cream 33x33cm 3-lagig 1/4 Falz,nicht_in_excel
228556,Servietten gelb 33x33cm 3-lagig 1/4 Falz,nicht_in_excel
228557,Servietten orange 33x33cm 3-lagig 1/4 Falz,nicht_in_excel
228558,Servietten rot 33x33cm 3-lagig 1/4 Falz,nicht_in_excel
228559,Servietten bordeaux 33x33cm 3-lagig 1/4 Falz,nicht_in_excel
228560,Servietten blau 33x33cm 3-lagig 1/4 Falz,nicht_in_excel
228561,Servietten grün 33x33cm 3-lagig 1/4 Falz,nicht_in_excel
228562,Servietten grün 33x33cm 3-lagig 1/4 Falz,nicht_in_excel
228563,Servietten grau 33x33cm 3-lagig 1/4 Falz,nicht_in_excel
228564,Servietten peach apricot 33x33cm 3-lagig 1/4 Falz,nicht_in_excel
228565,Servietten pink 33x33cm 3-lagig 1/4 Falz,nicht_in_excel
228566,Servietten weiß 40x40cm 3-lagig 1/8 Falz,nicht_in_excel
228567,Servietten cream 40x40cm 3-lagig 1/8 Falz,nicht_in_excel
228568,Servietten gelb 40x40cm 3-lagig 1/8 Falz,nicht_in_excel
228569,Servietten rot 40x40cm 3-lagig 1/8 Falz,nicht_in_excel
228570,Servietten bordeaux 40x40cm 3-lagig 1/8 Falz,nicht_in_excel
228571,Servietten blau 40x40cm 3-lagig 1/8 Falz,nicht_in_excel
228572,Servietten grün 40x40cm 3-lagig 1/8 Falz,nicht_in_excel
228573,Servietten weiß 33x33cm 3-lagig 1/8 Falz,nicht_in_excel
228574,Servietten cream 33x33cm 3-lagig 1/8 Falz,nicht_in_excel
228575,Servietten gelb 33x33cm 3-lagig 1/8 Falz,nicht_in_excel
228576,Servietten rot 33x33cm 3-lagig 1/8 Falz,nicht_in_excel
228577,Servietten bordeaux 33x33cm 3-lagig 1/8 Falz,nicht_in_excel
228578,Servietten blau 33x33cm 3-lagig 1/8 Falz,nicht_in_excel
228579,Servietten grün 33x33cm 3-lagig 1/8 Falz,nicht_in_excel
228583,Servietten weiß 33x33cm 2-lagig 1/4 Falz,nicht_in_excel
228584,Servietten cream 33x33cm 2-lagig 1/4 Falz,nicht_in_excel
228585,Servietten gelb 33x33cm 2-lagig 1/4 Falz,nicht_in_excel
228586,Servietten orange 33x33cm 2-lagig 1/4 Falz,nicht_in_excel
228587,Servietten rot 33x33cm 2-lagig 1/4 Falz,nicht_in_excel
228588,Servietten bordeaux 33x33cm 2-lagig 1/4 Falz,nicht_in_excel
228589,Servietten blau 33x33cm 2-lagig 1/4 Falz,nicht_in_excel
228590,Servietten grün 33x33cm 2-lagig 1/4 Falz,nicht_in_excel
228594,Servietten weiß 24x24cm 3-lagig 1/4 Falz,nicht_in_excel
228595,Servietten cream 24x24cm 3-lagig 1/4 Falz,nicht_in_excel
228596,Servietten gelb 24x24cm 3-lagig 1/4 Falz,nicht_in_excel
228597,Servietten orange 24x24cm 3-lagig 1/4 Falz,nicht_in_excel
228598,Servietten rot 24x24cm 3-lagig 1/4 Falz,nicht_in_excel
228599,Servietten bordeaux 24x24cm 3-lagig 1/4 Falz,nicht_in_excel
228600,Servietten blau 24x24cm 3-lagig 1/4 Falz,nicht_in_excel
228601,Servietten grün 24x24cm 3-lagig 1/4 Falz,nicht_in_excel
228602,Servietten grau 24x24cm 3-lagig 1/4 Falz,nicht_in_excel
228663,Servietten weiß 24x24cm 2-lagig 1/4 Falz,nicht_in_excel
229339,Servietten schwarz 40x40cm 3-lagig 1/4 Falz,nicht_in_excel
229340,Servietten schwarz 24x24cm 3-lagig 1/4 Falz,nicht_in_excel
229343,Servietten schwarz 33x33cm 3-lagig 1/4 Falz,nicht_in_excel
229344,Servietten schwarz 33x33cm 2-lagig 1/4 Falz,nicht_in_excel
230779,Servietten grün 33x33cm 3-lagig 1/8 Falz,nicht_in_excel
232170,Servietten schwarz 33x33cm 3-lagig 1/8 Falz,nicht_in_excel
232255,Servietten orange 33x33cm 3-lagig 1/8 Falz,nicht_in_excel
234865,Snackschale Pappe A20,nicht_in_excel
250660,Bio Servietten 33x33cm 1/8-Falz 2-lagig 2000 Stk.,nicht_in_excel
250662,Bio Servietten 24x24cm 1/4-Falz 2-lagig 4000 Stk.,nicht_in_excel
250663,Bio Servietten 33x33cm 1/4-Falz 2-lagig 2000 Stk.,nicht_in_excel
250664,Bio Servietten 40x40cm 1/8-Falz 2-lagig 1500 Stk.,nicht_in_excel
250665,Bio Servietten 40x40cm 1/4-Falz 2-lagig 1500 Stk.,nicht_in_excel
305020,Bestecktaschen mit integrierter Serviette orange,nicht_in_excel
305021,Bestecktaschen mit integrierter Serviette cream,nicht_in_excel
305022,Bestecktaschen mit integrierter Serviette Yellow,nicht_in_excel
305023,Bestecktaschen mit integrierter Serviette Lime,nicht_in_excel
305024,Bestecktaschen mit integrierter Serviette white,nicht_in_excel
62116,Food Box 16oz Weiss 500 Stk.,nicht_in_excel
62126,Food Box 26oz Weiss 500 Stk.,nicht_in_excel
GM12OZCARB,Coffee To Go Becher 300ml weiß 500 Stk.,nicht_in_excel
GM12OZCARK,Coffee To Go Becher 300ml natur-braun 1000 Stk.,nicht_in_excel
GM16OZCARB,Coffee To Go Becher 400ml weiß 500 Stk.,nicht_in_excel
GM16OZCARK,Coffee To Go Becher 400ml natur-braun 1000 Stk.,nicht_in_excel
GM8OZCARB,Coffee To Go Becher 200ml weiß 500 Stk.,nicht_in_excel
GM8OZCARK,Coffee To Go Becher 200ml natur-braun 1000 Stk.,nicht_in_excel
SP10783S,SPARSET -1000 Stk. Coffee to Go Becher 400ml,nicht_in_excel
SP10783W,SPARSET -1000 Stk. Coffee to Go Becher 400ml + Deckel,nicht_in_excel
SP11511S,SPARSET -1000 Stk. Coffee to Go Becher 300ml,nicht_in_excel
SP11511W,SPARSET -1000 Stk. Coffee to Go Becher 300ml + Deckel,nicht_in_excel
SP11513S,SPARSET -1000 Stk. Coffee to Go Becher 200ml,nicht_in_excel
SP11513W,SPARSET -1000 stk. Coffee to Go Becher 200ml,nicht_in_excel
V2044660U-1000,Mehrwegmesser - Superior Schwarz 1000 Stk.,nicht_in_excel
V2044660U-2000,Mehrwegmesser - Superior schwarz 2000 Stk.,nicht_in_excel
V2044660U-50,Mehrwegmesser - Superior Schwarz 50 Stk.,nicht_in_excel
VU1957783,DUNI Servietten 33 x 33 cm 3 Lagig 1000 Stk.,nicht_in_excel
VU1957853,DUNI Servietten 40 x 40 cm 3 Lagig 1000 Stk.,nicht_in_excel
VU1961743,DUNI Servietten 40 x 40 cm 3 Lagig 1000 Stk.,nicht_in_excel
VU1965053,DUNI Servietten 33 x 33 cm 3 Lagig 1000 Stk.,nicht_in_excel
VU1965093,DUNI Servietten 33 x 33 cm 3 Lagig 1000 Stk.,nicht_in_excel
VU1965673,DUNI Servietten 33 x 33 cm 3 Lagig 1000 Stk.,nicht_in_excel
VU1965683,DUNI Servietten 33 x 33 cm 3 Lagig 1000 Stk.,nicht_in_excel
VU1965763,DUNI Servietten 33 x 33 cm 3 Lagig 1000 Stk.,nicht_in_excel
VU1965773,DUNI Servietten 33 x 33 cm 3 Lagig 1000 Stk.,nicht_in_excel
VU1965783,DUNI Servietten 33 x 33 cm 3 Lagig 1000 Stk.,nicht_in_excel
VU1965843,DUNI Servietten 33 x 33 cm 3 Lagig 1000 Stk.,nicht_in_excel
VU1965883,DUNI Servietten 33 x 33 cm 3 Lagig 1000 Stk.,nicht_in_excel
VU1966093,DUNI Servietten 33 x 33 cm 3 Lagig 1000 Stk.,nicht_in_excel
VU1966172,DUNI Servietten 40 x 40 cm 3 Lagig 1000 Stk.,nicht_in_excel
VU1966203,DUNI Servietten 40 x 40 cm 3 Lagig 1000 Stk.,nicht_in_excel
VU1966213,DUNI Servietten 40 x 40 cm 3 Lagig 1000 Stk.,nicht_in_excel
VU1966273,DUNI Servietten 40 x 40 cm 3 Lagig 1000 Stk.,nicht_in_excel
VU1966293,DUNI Servietten 40 x 40 cm 3 Lagig 1000 Stk.,nicht_in_excel
VU1966303,DUNI Servietten 40 x 40 cm 3 Lagig 1000 Stk.,nicht_in_excel
VU1966383,DUNI Servietten 40 x 40 cm 3 Lagig 1000 Stk.,nicht_in_excel
VU1966603,DUNI Servietten 33 x 33 cm 3 Lagig 1000 Stk.,nicht_in_excel
VU2001594,DUNI Servietten 40 x 40 cm 3 Lagig 1000 Stk.,nicht_in_excel
VU2005236,DUNI Servietten 40 x 40 cm 3 Lagig 1000 Stk.,nicht_in_excel
VU2006091,DUNI Servietten 33 x 33 cm 3 Lagig 1000 Stk.,nicht_in_excel
VU2010766,DUNI Servietten 40 x 40 cm 3 Lagig 1000 Stk.,nicht_in_excel
VU2033670,DUNI Servietten 40 x 40 cm 3 Lagig 1000 Stk.,nicht_in_excel
VU2035399,DUNI Servietten 40 x 40 cm 3 Lagig 1000 Stk.,nicht_in_excel
VU2037216,DUNI Servietten 33 x 33 cm 3 Lagig 1000 Stk.,nicht_in_excel
VU2050288,DUNI Servietten 33 x 33 cm 3 Lagig 1000 Stk.,nicht_in_excel
VU2050290,DUNI Servietten 33 x 33 cm 3 Lagig 1000 Stk.,nicht_in_excel
VU2050317,DUNI Servietten 40 x 40 cm 3 Lagig 1000 Stk.,nicht_in_excel
VU2055890,DUNI Servietten 33 x 33 cm 3 Lagig 1000 Stk.,nicht_in_excel
VU2063261,DUNI Servietten 33 x 33 cm 3 Lagig 1000 Stk.,nicht_in_excel
VU2063267,DUNI Servietten 40 x 40 cm 3 Lagig 1000 Stk.,nicht_in_excel
VU2082928,DUNI Servietten 40 x 40 cm 3 Lagig 1000 Stk.,nicht_in_excel
VU2082931,DUNI Servietten 40 x 40 cm 3 Lagig 1000 Stk.,nicht_in_excel
VU2089373,Abreißbeutel LDPE 30 x 40 +3 cm 1000 Stk.,nicht_in_excel
VU2090302,DUNI Servietten 33 x 33 cm 3 Lagig 1000 Stk.,nicht_in_excel
VU2090304,DUNI Servietten 33 x 33 cm 3 Lagig 1000 Stk.,nicht_in_excel
VU2090307,DUNI Servietten 33 x 33 cm 3 Lagig 1000 Stk.,nicht_in_excel
VU2090312,DUNI Servietten 33 x 33 cm 3 Lagig 1000 Stk.,nicht_in_excel
VU2090314,DUNI Servietten 40 x 40 cm 3 Lagig 1000 Stk.,nicht_in_excel
VU2090318,DUNI Servietten 40 x 40 cm 3 Lagig 1000 Stk.,nicht_in_excel
VU2093745,DUNI Servietten 33 x 33 cm 3 Lagig 1000 Stk.,nicht_in_excel
VU2095133,DUNI Servietten 24 x 24 cm 3 Lagig 2000 Stk.,nicht_in_excel
VU2095134,DUNI Servietten 24 x 24 cm 3 Lagig 2000 Stk.,nicht_in_excel
VU2095135,DUNI Servietten 24 x 24 cm 3 Lagig 2000 Stk.,nicht_in_excel
VU2095136,DUNI Servietten 24 x 24 cm 3 Lagig 2000 Stk.,nicht_in_excel
VU2095137,DUNI Servietten 24 x 24 cm 3 Lagig 2000 Stk.,nicht_in_excel
VU2095138,DUNI Servietten 24 x 24 cm 3 Lagig 2000 Stk.,nicht_in_excel
VU2095139,DUNI Servietten 24 x 24 cm 3 Lagig 2000 Stk.,nicht_in_excel
VU2095141,DUNI Servietten 24 x 24 cm 3 Lagig 2000 Stk.,nicht_in_excel
VU2095142,DUNI Servietten 24 x 24 cm 3 Lagig 2000 Stk.,nicht_in_excel
VU2095143,DUNI Servietten 24 x 24 cm 3 Lagig 2000 Stk.,nicht_in_excel
VU2095147,DUNI Servietten 24 x 24 cm 3 Lagig 2000 Stk.,nicht_in_excel
VU2095149,DUNI Servietten 24 x 24 cm 3 Lagig 2000 Stk.,nicht_in_excel
VU2095151,DUNI Servietten 24 x 24 cm 3 Lagig 2000 Stk.,nicht_in_excel
VU2095152,DUNI Servietten 24 x 24 cm 3 Lagig 2000 Stk.,nicht_in_excel
VU2095197,DUNI Servietten 33 x 33 cm 3 Lagig 1000 Stk.,nicht_in_excel
VU2098294,Tork Servietten 33 x 33 cm 3 Lagig 1500 Stück,nicht_in_excel
VU2098295,Tork Servietten 33 x 33 cm 3 Lagig 1500 Stück,nicht_in_excel
VU2098296,Tork Servietten 33 x 33 cm 3 Lagig 1500 Stück,nicht_in_excel
VU2098297,Tork Servietten 33 x 33 cm 3 Lagig 1500 Stück,nicht_in_excel
VU2098298,Tork Servietten 33 x 33 cm 3 Lagig 1500 Stück,nicht_in_excel
VU2098299,Tork Servietten 33 x 33 cm 3 Lagig 1500 Stück,nicht_in_excel
VU2098306,Tork Servietten 33 x 33 cm 3 Lagig 1500 Stück,nicht_in_excel
VU2098307,Tork Servietten 33 x 33 cm 3 Lagig 1500 Stück,nicht_in_excel
VU2098492,Tork Servietten 39 x 39 cm 3 Lagig 1200 Stück,nicht_in_excel
VU2098493,Tork Servietten 39 x 39 cm 3 Lagig 1200 Stück,nicht_in_excel
VU2101003,Tork Servietten 39 x 39 cm 3 Lagig 1200 Stück,nicht_in_excel
VU2101004,Tork Servietten 39 x 39 cm 3 Lagig 1200 Stück,nicht_in_excel
VU2101005,Tork Servietten 39 x 39 cm 3 Lagig 1200 Stück,nicht_in_excel
VU2101006,Tork Servietten 39 x 39 cm 3 Lagig 1200 Stück,nicht_in_excel
VU2101007,Tork Servietten 39 x 39 cm 3 Lagig 1200 Stück,nicht_in_excel
VU2101012,Tork Servietten 39 x 39 cm 3 Lagig 1200 Stück,nicht_in_excel
VU2109153,DUNI Servietten 24 x 24 cm 3 Lagig 2000 Stk.,nicht_in_excel
VU2109164,DUNI Servietten 33 x 33 cm 3 Lagig 1000 Stk.,nicht_in_excel
VU2109182,DUNI Servietten 40 x 40 cm 3 Lagig 1000 Stk.,nicht_in_excel
VU2116293,Tork Servietten 33 x 33 cm 3 Lagig 1500 Stück,nicht_in_excel
VU2116294,Tork Servietten 33 x 33 cm 3 Lagig 1500 Stück,nicht_in_excel
VU2116295,Tork Servietten 39 x 39 cm 3 Lagig 1200 Stück,nicht_in_excel
VU2116296,Tork Servietten 33 x 33 cm 3 Lagig 1500 Stück,nicht_in_excel
VU2116297,Tork Servietten 33 x 33 cm 3 Lagig 1500 Stück,nicht_in_excel
VU2116298,Tork Servietten 39 x 39 cm 3 Lagig 1200 Stück,nicht_in_excel
VU2116299,Tork Servietten 39 x 39 cm 3 Lagig 1200 Stück,nicht_in_excel
VU2116303,Tork Servietten 33 x 33 cm 3 Lagig 1500 Stück,nicht_in_excel
VU2116304,Tork Servietten 33 x 33 cm 3 Lagig 1500 Stück,nicht_in_excel
VU2116305,Tork Servietten 33 x 33 cm 3 Lagig 1500 Stück,nicht_in_excel
VU2116320,Tork Servietten 39 x 39 cm 3 Lagig 1200 Stück,nicht_in_excel
VU2116321,Tork Servietten 39 x 39 cm 3 Lagig 1200 Stück,nicht_in_excel
VU2116322,Tork Servietten 39 x 39 cm 3 Lagig 1200 Stück,nicht_in_excel
VU2116323,Tork Servietten 39 x 39 cm 3 Lagig 1200 Stück,nicht_in_excel
VU2116324,Tork Servietten 39 x 39 cm 3 Lagig 1200 Stück,nicht_in_excel
VU2116325,Tork Servietten 39 x 39 cm 3 Lagig 1200 Stück,nicht_in_excel
VU2116327,Tork Servietten 33 x 33 cm 3 Lagig 1500 Stück,nicht_in_excel
VU2116328,Tork Servietten 33 x 33 cm 3 Lagig 1500 Stück,nicht_in_excel
VU2116329,Tork Servietten 33 x 33 cm 3 Lagig 1500 Stück,nicht_in_excel
VU2116330,Tork Servietten 33 x 33 cm 3 Lagig 1500 Stück,nicht_in_excel
VU2116331,Tork Servietten 39 x 39 cm 3 Lagig 1200 Stück,nicht_in_excel
VU2116332,Tork Servietten 39 x 39 cm 3 Lagig 1200 Stück,nicht_in_excel
VU2116333,Tork Servietten 39 x 39 cm 3 Lagig 1200 Stück,nicht_in_excel
VU2117204,Tork Servietten 39 x 39 cm 3 Lagig 1200 Stück,nicht_in_excel
VU2117284,Tork Servietten 33 x 33 cm 3 Lagig 1500 Stück,nicht_in_excel
VU2117285,Tork Servietten 33 x 33 cm 3 Lagig 1500 Stück,nicht_in_excel
VU2117286,Tork Servietten 39 x 39 cm 3 Lagig 1200 Stück,nicht_in_excel
VU2117301,Tork Servietten 39 x 39 cm 3 Lagig 1200 Stück,nicht_in_excel
VU2117302,Tork Servietten 33 x 33 cm 3 Lagig 1500 Stück,nicht_in_excel
VU2118636,Tork Servietten 39 x 39 cm 3 Lagig 1200 Stück,nicht_in_excel
VU2119079,Tork Servietten 39 x 39 cm 3 Lagig 1200 Stück,nicht_in_excel
VU2119080,Tork Servietten 33 x 33 cm 3 Lagig 1500 Stück,nicht_in_excel
VU2119081,Tork Servietten 39 x 39 cm 3 Lagig 1200 Stück,nicht_in_excel
VU2119082,Tork Servietten 39 x 39 cm 3 Lagig 1200 Stück,nicht_in_excel
VU2119107,Tork Servietten 33 x 33 cm 3 Lagig 1500 Stück,nicht_in_excel
VU2119108,Tork Servietten 33 x 33 cm 3 Lagig 1500 Stück,nicht_in_excel
VU2119109,Tork Servietten 33 x 33 cm 3 Lagig 1500 Stück,nicht_in_excel
VU2119111,Tork Servietten 33 x 33 cm 3 Lagig 1500 Stück,nicht_in_excel
VU2119112,Tork Servietten 33 x 33 cm 3 Lagig 1500 Stück,nicht_in_excel
VU2121922,DUNI Servietten 24 x 24 cm 3 Lagig 2000 Stk.,nicht_in_excel
VU2121928,DUNI Servietten 33 x 33 cm 3 Lagig 1000 Stk.,nicht_in_excel
VU2121930,DUNI Servietten 33 x 33 cm 3 Lagig 1000 Stk.,nicht_in_excel
VU2121948,DUNI Servietten 40 x 40 cm 3 Lagig 1000 Stk.,nicht_in_excel
