Name;Artikelnummer;Preis
Pommesschalen 11x19x3,5cm 1000 Stk.;19195;58.90
Bäckerfaltenbeutel 20x10x35cm - 1000 Stk.;10635;37.90
Hemdchentragetaschen weiss 2000 Stk.;10020w;54.90
Hemdchentragetaschen weiss 2000 Stk.;10012w;29.90
Abreißbeutel LDPE 20 x 30 +3 cm 1000 Stk.;10121;23.52
Pommes spitztüten 23 cm 1000 Stk;10770;23.90
Feinkostbecher 125ml rund mit Deckel 250 Stk.;11125K;13.90
Deckel Für Coffee To Go Becher - 1000 Stk.;11512S;25.90
Asia-Box 16oz 500 Stk.;12048;40.99
Bodenbeutel PP 115 x 190 mm 500 Stück;10181-500;25.99
Jumbo Hemdchentragetaschen blau 1000 Stk.;10055b;49.90
Coffee to Go Becher 300ml;11511;65.90
Deckel für Menüschalen schwarz - 300 Stück;14052;42.90
Holzrührstäbchen 14cm 1000 Stück;11567;3.57
Papierhandtücher 1 Lagig Natur 5000 Stk.;11001;25.90
Pappteller Rund 23cm 1000 Stk.;19023;59.90
Mehrweglöffel - ECO Transparent 2000 Stk.;11542;46.90
Pommesschalen 9x16x3cm 2000 Stk.;19011;74.90
Pommesschalen 9x14x3cm 2000 Stk.;19010;59.90
Pommesschalen 10x17x3cm 2000 Stk.;19175;69.90
Bäckerfaltenbeutel 11x4,5x22cm - 1000 Stk.;10416;13.90
Bäckerfaltenbeutel 11x4,5x21cm - 1000 Stk.;10416-OD;13.90
Bäckerfaltenbeutel 12x4,5x24cm - 1000 Stk.;10418;16.90
Bäckerfaltenbeutel 14x6x28cm - 1000 Stk.;10422;18.90
Bäckerfaltenbeutel 14x6x35cm - 1000 Stk.;10424;24.90
Bäckerfaltenbeutel 15x6,5x32cm - 1000 Stk.;10426;27.90
Bäckerfaltenbeutel 15x7x35cm - 1000 Stk.;10427;23.90
Bäckerfaltenbeutel 15x6,5x42cm - 1000 Stk.;10428;29.90
Bäckerfaltenbeutel 17x6x42cm - 1000 Stk.;10430;31.90
Bäckerfaltenbeutel 20x7,5x45cm - 1000 Stk.;10435;44.90
Bäckerrolle 50cm 10 kg - 1 Rolle;10636;35.90
Hemdchentragetaschen grün 2000 Stk.;10020g;54.90
Hemdchentragetaschen blau 2000 Stk.;10020b;54.90
Hemdchentragetaschen orange 2000 Stk.;10020or;54.90
Hemdchentragetaschen weiss 2000 Stk.;10015w;37.90
Hemdchentragetaschen weiss 2000 Stk.;10016w;37.90
Hemdchentragetaschen blau 2000 Stk.;10012b;29.90
Hemdchentragetaschen gelb 2000 Stk.;10012g;29.90
MEHRWEG-Tragetaschen Groß 250 Stk.;10060;35.90
Hemdchentragetaschen grün 2000 Stk.;10031g;65.90
Hemdchentragetaschen orange 2000 Stk.;10031or;65.90
Jumbo Hemdchentragetaschen grün 1000 Stk.;10055g;49.90
XXL Jumbo Hemdchentragetaschen 500 Stk.;10156;67.90
Tragetaschen 38x45+5cm 500 Stk. DKT;10059;44.90
Tragetaschen 45x55+5cm 500 Stk. DKT;10061;59.90
Bodenbeutel PP 95 x 160 mm 500 Stück;10182-500;21.99
Bodenbeutel PP 115 x 190 mm 1000 Stück;10181;43.99
Bodenbeutel PP 145 x 235 mm 1000 Stück;10180;47.99
Alufolie 30cm x 80m - 11my;12069;26.90
Alufolie 30cm x 90m - 11my;12071;31.90
Alufolie 30cm x 100m - 14my;12073;44.90
Alufolie 30cm x 150m - 11my;12070;42.90
Alu Siegelfolie für Siegelgeräte;14032;74.90
HDPE-Flachbeutel 20 x 30 cm 2000 Stk.;10120;17.90
HDPE-Flachbeutel 25 x 35 cm 2000 Stk.;10130;19.90
Abreißbeutel LDPE 25 x 35 +3 cm 1000 Stk.;10131;24.90
Abreißbeutel LDPE 30 x 40 +3 cm 1000 Stk.;VU2089373;37.90
HDPE-Flachbeutel 30 x 40 cm 2000 Stk.;10135;29.90
Müllsäcke 130 Liter, 200 Stk. schwarz;10175;49.99
Müllsäcke 120 Liter, 150 Stk. Blau;10172;39.90
Müllsacke 140 Liter, 250 Stk. Blau;10173;119.90
HT-Fleischsäcke 50 x 80cm Transparent 500 Stk.;10199;49.99
PP Mehrweg-Menüteller ungeteilt 100 Stk.;11580;10.90
PP Mehrweg-Menüteller 2 geteilt 100 Stk.;11581;10.90
PP Mehrweg-Menüteller 3 geteilt 100 Stk.;11582;10.90
PP Suppenschalen 500 ml - 100 Stk.;11535-100;7.95
Pomm-Döner Tüten 500 Stk.;10179;49.90
Dönertasche Fettdicht 35g/qm 4000 Stk.;12045;34.90
Dönertüten Fettdicht 35g/qm 2000Stk.;12043;21.90
Gyros Pita Beutel Fettdicht 35g/qm 2000 Stk.;10890;22.99
Pizzakartons NewYork 36x36x4.2cm 100 Stk.;15364;32.90
Pizzakartons NewYork 20x20x4.2cm 100 Stk.;15204;13.90
Pizzakarton New York 22x22x4.2cm 100 Stk.;15224;14.90
Pizzakarton NewYork 28x28x4.2cm 100 Stk.;15284;19.90
Pizzakartons NewYork 29x29x4.2cm 100 Stk.;15294;20.90
Pizzakartons NewYork 30x30x4.2cm 100 Stk.;15304;22.90
Pizzakartons New York 31x31x4.2cm 100 Stk.;15314;23.50
Pizzakartons NewYork 32x32x4.2cm 100 Stk.;15324;23.90
Pizzakartons NewYork 33x33x4.2cm 100 Stk.;15334;34.90
Pizzakartons Metro 40x40x5cm 100 Stk.;15405;39.90
Rollobox 28x8x7cm 200 Stk.;15037;34.90
Calzonebox 27x16x7cm 200 Stk.;15013;39.90
Mehrweggabel - Superior weiß 2000 Stk.;11956;69.90
Eisspaten 9,5cm - bunt - 1 Kg;19194;9.90
Mehrwegmesser - Superior weiß 2000 Stk.;11591;69.90
Wachspapier 1/8 Bogen - 1 Karton;13750;59.90
Wachspapier 1/4 Bogen - 1 Karton;13749;59.90
600 St. Salatbox 250ml Sechseckig;11376;59.90
300 St. Salatbox 375ml Sechseckig;11375;31.90
Salatbox 500ml Achteckig 400 St.;11655;49.90
300 St. Salatbox 750ml Sechseckig;11750;44.90
300 St. Salatbox 1000ml Sechseckig;11000;59.90
300 St. Salatschale 1000 ml rund;11100;47.90
500 St. Dom-Deckel für Salatschale 610 ml;11611;22.90
100 St. B2 Salatschale 400 ml;14026;9.90
100 St. B3 Salatschale 750 ml;14028;10.90
100 St. Deckel für Salatschale B2;14027;10.90
100 St. Deckel für Salatschale B3;14029;11.90
Rührstäbchen 14cm weiß 1000 Stück;11569;5.46
Pommes-Gabel Einweg 1000 Stk.;19197;4.19
Kaffeelöffel - Einweg - in weiss 100 Stk.;10601-100;1.79
Papier Trinkhalme naturbraun Jumbo;12108;109.24
Papier Trinkhalme schwarz Jumbo;12107;109.24
Fladenbrotbeutel 30 x 58 + 2 cm;10139;59.90
Fladenbrotbeutel 38 x 42 + 2 cm;10143;59.90
Fladenbrotbeutel 35 x 53 + 2 cm;10145;59.90
Servietten 33 x 33 cm weiß ca. 3000 Stk.;10996;25.90
Tork Lunchservietten 33 x 33 cm 4000 Stk.;10991;37.90
Transport- und Catering-Kartons, groß, 10 Stk.;19200G;25.13
Transport- und Catering-Kartons, klein 110 Stk.;19198;105.90
Transport- und Catering-Kartons, mittel 80 Stk.;19199;107.90
Dessert Schachteln für Baklava 500g - 200 Stk.;14099;55.99
Keksschachtel 1000g - 100 Stk.;14112;49.90
Keksschachtel 750g - 100 Stk.;14126;47.90
Keksschachteln 500g - 100 Stk.;14111;43.90
Dessert Schachteln für Baklava 1000g - 200 Stk.;14098;74.99
Pappschalen 15x23x2cm KU60 1000 Stk.;19060;69.99
Pappschalen 13x18x3cm KU 41 1000 Stk.;19196;54.90
DUNI Servietten 33 x 33 cm 3 Lagig 1000 Stk.;VU1965843;59.90
DUNI Servietten 33 x 33 cm 3 Lagig 1000 Stk.;VU1965763;59.90
DUNI Servietten 33 x 33 cm 3 Lagig 1000 Stk.;VU1965053;59.90
Tork Servietten 33 x 33 cm 3 Lagig 1500 Stück;VU2116304;81.90
Müllsack 120 Lt Transparent 250 Stk.;10176;59.90
Müllsäcke 60-80 Liter weiß 360Stk.;10174;18.90
"Papierspitztüten ""Fish & Chips"" 19cm 500 Stk.";10771;26.90
Papierhandtücher 2 Lagig 3200 Stk.;11007;39.90
Rollenhandtücher 2 Lagig Weiss FUNNY AG-083;11649-AG-083;29.90
1 Rolle Papiertischtuchrolle 100 cm x 100m;11642;19.75
Hähnchenbeutel für 1/2 Hähnchen 1000 Stk.;11700;76.90
Hähnchenbeutel für 1/1 Hähnchen 1000 Stk.;11710;105.90
Döner Box 26oz groß 500 Stk.;12046-UNO;59.90
"Hemdchentragetaschen - ""Gyros Pita"" 1000 Stk.";10910;32.90
Lunch-Box, IP8, weiß 500 Stk.;14013;55.90
Lunch-Box, IP10, cream 500 Stk.;14019;54.90
Hot-Dog-Box Schaum, weiß 500 Stk.;14022;39.90
Menüschale 611 ungeteilt versiegelbar 1200 Stk.;14037;139.90
Hamburger-Box, IP6, groß weiß 500 Stk.;14014 W;43.90
Dinnerbox 2-geteilt XPS 200 Stk.;10203;79.90
Dinnerbox 3-geteilt XPS 200 Stk.;10201;79.90
Pergament-Ersatz 1/4 Bogen - 1 Karton;12539;49.90
Pergament-Ersatz 1/8 Bogen - 1 karton;12537;49.90
Pergament-Ersatz 1/16 Bogen - 1 Karton;12538;49.90
Einschlagpapier Rosa 1/4 Bogen -;13751;36.90
Frischpack Papier 1/4 Bogen - 1 Karton;13752R;39.90
Obstspitztüten 750g 1000 Stk.;19900;22.80
Obstspitztüten 1500g 1000 Stk.;19901;28.90
Metzgerfaltenbeutel 15+6,5x28cm - 1000 Stk.;18010;19.90
Metzgerfaltenbeutel 20+6,5x32cm - 1000 Stk.;18011;27.90
Deckel für Feinkostbecher Rechteckig 1000 Stk.;11326;26.90
Feinkostbecher 125ml eckig mit Deckel 250 Stk.;11126K;13.90
Feinkostbecher 250ml eckig mit Deckel 250 Stk.;11251K;15.90
Feinkostbecher 500ml eckig mit Deckel 250 Stk.;11501K;19.90
Feinkostbecher 250ml eckig o.Deckel 1000 Stk.;11251;35.90
Feinkostbecher 125ml eckig o.Deckel 1000 Stk.;11126;32.90
Feinkostbecher 250ml rund mit Deckel 250 Stk.;11250K;15.90
Feinkostbecher 300ml rund mit Deckel 250 Stk.;11301K;18.90
Feinkostbecher 500ml rund mit Deckel 250 Stk.;11500K;19.90
Menüschale 613 2-geteilt versiegelbar 600 Stk.;14034;149.90
Feinkostbecher 250ml rund ohne Deckel 1000 Stk.;11250;35.90
Feinkostbecher 300ml rund ohne Deckel 1000 Stk.;11129;49.90
Runddeckel für Feinkostbecher 1000 Stk.;11780;24.90
Menüschale 602 2-geteilt versiegelbar 200 Stk.;14031;63.90
Menüschale 603 Versiegelbar 200 Stk.;14036;63.90
Menüschale 608 ungeteilt versiegelbar 500 Stk.;14030;94.90
Deckel für Ananasbecher 1000ml 500 Stk.;17022;39.90
Ananasbecher 1000ml rund 250 Stk.;17021;59.90
Thermobecher 180ml - braun;11515;89.00
PVC- Frischhaltefolie lila 30 cm;12030;24.90
Trinkkbecher klar mit Schaumrand - 300ml;11552K;109.90
Bierbecher klar mit Schaumrand - 300ml;11552B;109.90
Automatenbecher 180ml - braun;11551;89.00
Pappteller Rund 18 cm 1000 Stk.;19018;39.90
Kuchenteller Rund 26cm 250 Stk.;19026;27.90
Kuchenteller Rund 28cm 200 Stk.;19028;33.90
Kuchenteller Rund 30cm 250 Stk.;19030;43.90
Frischhaltefolie 45 cm x 300 m;12032;29.90
Folienabreisser 30 cm Breite;13051;19.90
Pizzakarton NewYork 24x24x4.2cm 100 Stk.;15244;15.90
Pizzakarton NewYork 26x26x4.2cm 100 Stk.;15264;17.90
Duni Erfrischungstuch Lemon 1000 Stk.;10782;31.90
Keks-Box 1200ml 200 Stk.;10501;79.90
Keks-Box 800ml 200 Stk.;10502;74.90
Dessert-Box 800ml 200 Stk.;10502D;74.90
Dessert-Box 1200ml 200 Stk.;10501D;79.90
Salatbox-Box 800ml Rechteckig 200 Stk.;10502S;74.90
Salatbox-Box 1200ml Rechteckig 200 Stk.;10501S;79.90
Transport- und Catering-Kartons, klein 10 Stk.;19198K;15.55
Transport- und Catering-Kartons, mittel 10 Stk.;19199M;18.91
Party-Platten mittel mit Catering-Kartons, 10 Stk.;13046-AK;25.90
Party-Platten klein mit Catering-Kartons, 10 Stk.;13045-AK;19.90
Party-Platten Groß mit Catering-Kartons, 10 Stk.;13047-AK;36.90
LDPE-Flachbeutel 30 x 40 cm 1000 Stk;12076;37.90
LDPE-Flachbeutel 20 x 30 cm 1000 Stk;12078;18.95
LDPE-Flachbeutel 25 x 35 cm 1000 Stk;12079;24.90
LDPE-Flachbeutel 30 x 50 cm 1000 Stk;12081;43.90
Polybeutel LDPE 40 x 60 cm 500 Stk.;12075;56.90
Polybeutel LDPE 30 x 50 cm 1000 Stk.;12077;59.95
LDPE-Flachbeutel 15 x 20 cm 1000 Stk;12083;18.90
LDPE-Flachbeutel 16 x 24 cm 1000 Stk;12090;19.90
PP Mehrweg-Menüteller ungeteilt 1000 Stk.;11580-1;94.90
PP Mehrweg-Menüteller 2 geteilt 1000 Stk.;11581-1;94.90
PP Mehrweg-Menüteller 3 geteilt 1000 Stk.;11582-1;94.90
Deckel Für Coffee To Go Becher - 1000 Stk.;11512;25.90
Deckel Für Coffee To Go Becher - 1000 Stk.;10779S;27.90
Deckel Für Coffee To Go Becher - 1000 Stk.;10779;27.90
250 Stk. Pappteller Eckig 21 x 29 Flach;19126;22.90
3000 Stk. Pappteller Eckig 10 x 16 Flach;19116;54.90
1500 Stk. Pappteller Eckig 13 x 20 Flach;19120;44.90
1000 Stk. Pappteller Eckig 16 x 23 Flach;19124;47.90
1000 Stk. Pappteller Eckig 18 x 26 Flach;19125;67.90
250 Stk. Pappteller Eckig 24 x 33 Flach;19133;32.90
2000 Stk. Pappteller Eckig 8 x 23 Flach;19623;53.90
3000 Stk. Pappteller Eckig mit abriss 8 x 18 +3 cm;19080;52.90
Feinkostbecher 125ml rund mit Deckel 1000 Stk.;11125B;54.90
Feinkostbecher 250ml rund mit Deckel 1000 Stk.;11250B;61.90
Feinkostbecher 300ml rund mit Deckel 1000 Stk.;11301B;74.90
Feinkostbecher 500ml rund mit Deckel 1000 Stk.;11500B;78.90
Feinkostbecher 125ml rund ohne Deckel 1000 Stk.;11125;32.90
Feinkostbecher 500ml rund ohne Deckel 1000 Stk.;11500;52.90
Feinkostbecher 500ml eckig o.Deckel 1000 Stk.;11501;52.90
Feinkostbecher 125ml eckig mit Deckel 1000 Stk.;11126B;54.90
Feinkostbecher 250ml eckig mit Deckel 1000 Stk.;11251B;61.90
Feinkostbecher 500ml eckig mit Deckel 1000 Stk.;11501B;78.90
HT-Fleischsäcke 40 x 60cm Transparent 1000 Stk.;10200;54.90
HT-Fleischsäcke 55 x 130cm Transparent 250 Stk.;10197;54.90
HT-Fleischsäcke 70 x 110cm Transparent 250 Stk.;10198;69.90
Seitenfaltenbeutel 60 + 42 x 65cm Transparent;14479;69.90
Seitenfaltenbeutel 60 + 40 x 80cm Transparent;10196;79.90
Beutelverschlüsse ( CLIPSE ) 33x8 mm 1000 Stück;10202;6.49
5000 Stk. Papierhandtücher 1 Lagig Grün;11002;25.90
Servietten griechisch 40 x 40 1/8 Falz 1000 Stk.;10997;34.90
"Hemdchentragetaschen - "" PIZZA "" 1000 Stk.";10920;79.90
Cilan Falthandtuchspender HT10;10975;35.90
Mehrweglöffel - Superior schwarz 2000 Stk.;11595 S;74.90
"Hemdchentragetaschen - ""Döner Kebap"" 1000 Stk.";10909;32.90
"Hemdchentragetaschen ""Obst macht fit"" 1000 Stk.";10033;49.90
"Hemdchentragetaschen - ""Wochenmarkt"" 1000 Stk.";10034;31.90
"Hemdchentragetaschen ""OBST GEMÜSE"" 2000 Stk.";10027;49.90
Achteck-Salatschalen 500ml 350 Stk.;13753;69.90
Deckel für Achteck-Salatschalen 350 Stk.;13754;39.90
Asia-Box 26oz 500 Stk.;12049;49.99
Dressingbecher 50ml mit Deckel 500 Stk.;11521;18.90
Dressingbecher 80ml mit Deckel 500 Stk.;11523;19.90
Dressingbecher 100ml mit Deckel 500 Stk.;11522;21.90
Trinkbecher 400ml - klar;11514;97.90
Trinkbecher 200ml - klar;11516K;53.90
Ausschankbecher 500ml Klar;11518A;102.90
DUNI Servietten 24 x 24 cm 3 Lagig 2000 Stk.;VU2095152;84.90
DUNI Servietten 24 x 24 cm 3 Lagig 2000 Stk.;VU2095138;84.90
DUNI Servietten 24 x 24 cm 3 Lagig 2000 Stk.;VU2095141;84.90
DUNI Servietten 24 x 24 cm 3 Lagig 2000 Stk.;VU2095136;84.90
DUNI Servietten 24 x 24 cm 3 Lagig 2000 Stk.;VU2095142;84.90
DUNI Servietten 24 x 24 cm 3 Lagig 2000 Stk.;VU2095133;69.90
DUNI Servietten 24 x 24 cm 3 Lagig 2000 Stk.;VU2095143;84.90
DUNI Servietten 24 x 24 cm 3 Lagig 2000 Stk.;VU2095137;84.90
DUNI Servietten 24 x 24 cm 3 Lagig 2000 Stk.;VU2095134;84.90
DUNI Servietten 24 x 24 cm 3 Lagig 2000 Stk.;VU2095135;84.90
DUNI Servietten 24 x 24 cm 3 Lagig 2000 Stk.;VU2095139;84.90
DUNI Servietten 24 x 24 cm 3 Lagig 2000 Stk.;VU2095147;84.90
DUNI Servietten 33 x 33 cm 3 Lagig 1000 Stk.;VU1966093;59.90
DUNI Servietten 33 x 33 cm 3 Lagig 1000 Stk.;VU2093745;59.90
DUNI Servietten 33 x 33 cm 3 Lagig 1000 Stk.;VU2050288;59.90
DUNI Servietten 33 x 33 cm 3 Lagig 1000 Stk.;VU1965883;59.90
DUNI Servietten 33 x 33 cm 3 Lagig 1000 Stk.;VU2095197;59.90
DUNI Servietten 33 x 33 cm 3 Lagig 1000 Stk.;VU1965093;49.90
DUNI Servietten 33 x 33 cm 3 Lagig 1000 Stk.;VU2050290;59.90
DUNI Servietten 33 x 33 cm 3 Lagig 1000 Stk.;VU1965773;59.90
DUNI Servietten 33 x 33 cm 3 Lagig 1000 Stk.;VU2063261;59.90
DUNI Servietten 33 x 33 cm 3 Lagig 1000 Stk.;VU1965673;51.90
DUNI Servietten 33 x 33 cm 3 Lagig 1000 Stk.;VU2090312;61.90
DUNI Servietten 33 x 33 cm 3 Lagig 1000 Stk.;VU2055890;61.90
DUNI Servietten 33 x 33 cm 3 Lagig 1000 Stk.;VU1957783;61.90
DUNI Servietten 33 x 33 cm 3 Lagig 1000 Stk.;VU1965683;61.90
DUNI Servietten 33 x 33 cm 3 Lagig 1000 Stk.;VU1966603;61.90
DUNI Servietten 33 x 33 cm 3 Lagig 1000 Stk.;VU1965783;61.90
DUNI Servietten 33 x 33 cm 3 Lagig 1000 Stk.;VU2037216;61.90
DUNI Servietten 40 x 40 cm 3 Lagig 1000 Stk.;VU2001594;69.90
Servietten 39 x 39 cm 3 Lagig 1200 Stk.;10777;49.95
DUNI Servietten 40 x 40 cm 3 Lagig 1000 Stk.;VU1966293;86.90
DUNI Servietten 40 x 40 cm 3 Lagig 1000 Stk.;VU1961743;86.90
DUNI Servietten 40 x 40 cm 3 Lagig 1000 Stk.;VU2109182;86.90
DUNI Servietten 40 x 40 cm 3 Lagig 1000 Stk.;VU1966172;86.90
DUNI Servietten 40 x 40 cm 3 Lagig 1000 Stk.;VU2090318;86.90
DUNI Servietten 40 x 40 cm 3 Lagig 1000 Stk.;VU2063267;86.90
DUNI Servietten 40 x 40 cm 3 Lagig 1000 Stk.;VU1957853;86.90
DUNI Servietten 40 x 40 cm 3 Lagig 1000 Stk.;VU2050317;86.90
DUNI Servietten 40 x 40 cm 3 Lagig 1000 Stk.;VU1966273;86.90
DUNI Servietten 40 x 40 cm 3 Lagig 1000 Stk.;VU2121948;86.90
DUNI Servietten 40 x 40 cm 3 Lagig 1000 Stk.;VU1966203;72.90
DUNI Servietten 40 x 40 cm 3 Lagig 1000 Stk.;VU2035399;89.90
DUNI Servietten 40 x 40 cm 3 Lagig 1000 Stk.;VU2033670;89.90
DUNI Servietten 40 x 40 cm 3 Lagig 1000 Stk.;VU2010766;89.90
DUNI Servietten 40 x 40 cm 3 Lagig 1000 Stk.;VU1966303;89.90
DUNI Servietten 40 x 40 cm 3 Lagig 1000 Stk.;VU1966383;89.90
DUNI Servietten 40 x 40 cm 3 Lagig 1000 Stk.;VU2005236;89.90
DUNI Servietten 40 x 40 cm 3 Lagig 1000 Stk.;VU2082931;89.90
DUNI Servietten 40 x 40 cm 3 Lagig 1000 Stk.;VU2082928;89.90
Tork Servietten 33 x 33 cm 3 Lagig 1500 Stück;VU2098297;69.90
Tork Servietten 33 x 33 cm 3 Lagig 1500 Stück;VU2116293;79.90
Tork Servietten 33 x 33 cm 3 Lagig 1500 Stück;VU2119111;79.90
Tork Servietten 33 x 33 cm 3 Lagig 1500 Stück;VU2098296;79.90
Tork Servietten 33 x 33 cm 3 Lagig 1500 Stück;VU2116294;79.90
Tork Servietten 33 x 33 cm 3 Lagig 1500 Stück;VU2116330;79.90
Tork Servietten 33 x 33 cm 3 Lagig 1500 Stück;VU2116328;79.90
Tork Servietten 33 x 33 cm 3 Lagig 1500 Stück;VU2116296;79.90
Tork Servietten 33 x 33 cm 3 Lagig 1500 Stück;VU2098295;79.90
Tork Servietten 33 x 33 cm 3 Lagig 1500 Stück;VU2119108;79.90
Tork Servietten 33 x 33 cm 3 Lagig 1500 Stück;VU2116329;79.90
Tork Servietten 33 x 33 cm 3 Lagig 1500 Stück;VU2098307;81.90
Tork Servietten 33 x 33 cm 3 Lagig 1500 Stück;VU2098294;79.90
Tork Servietten 33 x 33 cm 3 Lagig 1500 Stück;VU2116305;81.90
Tork Servietten 33 x 33 cm 3 Lagig 1500 Stück;VU2116303;81.90
Tork Servietten 33 x 33 cm 3 Lagig 1500 Stück;VU2098299;81.90
Tork Servietten 33 x 33 cm 3 Lagig 1500 Stück;VU2098306;81.90
Tork Servietten 33 x 33 cm 3 Lagig 1500 Stück;VU2098298;71.90
Tork Servietten 39 x 39 cm 3 Lagig 1200 Stück;VU2101012;71.90
Tork Servietten 39 x 39 cm 3 Lagig 1200 Stück;VU2116299;79.90
Servietten italienisch 40 x 40 1/8 Falz 1000 Stk.;11006;34.90
300 St. B2 Salatschale mit Deckel;14026-3;53.90
300 St. B3 Salatschale mit Deckel;14028-3;65.90
Jumbo Hemdchentragetaschen 1000 Stk.;10050w;44.90
DUNI Servietten 24 x 24 cm 3 Lagig 2000 Stk.;VU2095151;84.90
DUNI Servietten 24 x 24 cm 3 Lagig 2000 Stk.;VU2121922;84.90
DUNI Servietten 24 x 24 cm 3 Lagig 2000 Stk.;VU2109153;84.90
DUNI Servietten 33 x 33 cm 3 Lagig 1000 Stk.;VU2006091;61.90
DUNI Servietten 33 x 33 cm 3 Lagig 1000 Stk.;VU2121930;59.90
DUNI Servietten 33 x 33 cm 3 Lagig 1000 Stk.;VU2090304;59.90
DUNI Servietten 33 x 33 cm 3 Lagig 1000 Stk.;VU2090302;59.90
DUNI Servietten 33 x 33 cm 3 Lagig 1000 Stk.;VU2109164;59.90
DUNI Servietten 33 x 33 cm 3 Lagig 1000 Stk.;VU2090307;59.90
DUNI Servietten 40 x 40 cm 3 Lagig 1000 Stk.;VU2090314;86.90
XL-Jumbo Hemdchentragetaschen 500 Stk.;10150b;52.90
Hemdchentragetaschen weiss 2000 Stk.;10040w;34.90
Bodenbeutel PP 115 x 190 mm 200 Stück;10181-200;11.49
Bodenbeutel PP 145 x 235 mm 200 Stück;10180-200;16.49
Bodenbeutel PP 145 x 235 mm 500 Stück;10180-500;29.99
Bodenbeutel PP 100 x 170 mm 500 Stück;10183-500;23.99
Bodenbeutel PP 95 x 160 mm 1000 Stück;10182;33.99
Bodenbeutel PP 100 x 170 mm 1000 Stück;10183;36.99
Bodenbeutel PP 100 x 170 mm 200 Stück;10183-200;9.49
Mehrweggabel - Superior weiß 1000 Stk.;11956 -1000;39.90
Mehrweglöffel - Superior schwarz 1000 Stk.;11595-1000 S;41.90
Mehrwegmesser - Superior weiß 1000 Stk.;11591-1000;39.90
Coffee to Go Becher - 200ml - 1000 Stk.;11513;39.90
SPARSET -1000 Stk. Coffee to Go Becher 200ml;SP11513S;63.90
Mehrweggabel - Superior Schwarz 1000 Stk.;11593-1000;39.90
Mehrweggabel - Superior schwarz 100 Stk.;11593-100;6.99
Mehrwegmesser - Superior Schwarz 1000 Stk.;V2044660U-1000;39.90
Mehrwegmesser - Superior Schwarz 50 Stk.;V2044660U-50;3.49
Hemdchentragetaschen weiss 2000 Stk.;10025w;43.90
Hemdchentragetaschen blau 2000 Stk.;10030 B;33.90
Hemdchentragetaschen weiss 2000 Stk.;10031w;65.90
Jumbo Hemdchentragetaschen weiss 1000 Stk.;10055w;49.90
Jumbo Hemdchentragetaschen orange 1000 Stk.;10055or;49.90
Hemdchentragetaschen weiss 1000 Stk.;16069;29.90
Hemdchentragetaschen weiss 1000 Stk.;10013;23.80
XL-Jumbo Hemdchentragetaschen 500 Stk.;10150;52.90
Tragetaschen 50x60+5cm 250 Stk. DKT;10062;39.90
Mehrweggabel - Superior Transparent 100 Stk.;11592-100;6.99
Mehrwegmesser - Superior Transparent 100 Stk.;11590-100;6.99
Mehrweglöffel - Superior Transparent 100 Stk.;11596-100;7.99
PP Suppenschalen 750 ml - 100 Stk.;10534-100;9.95
PP Suppenschalen 500 ml - 1000 Stk.;11535;65.90
PP Suppenschalen 750 ml - 1000 Stk.;10534;89.95
Mehrweggabel - Superior Transparent 1000 Stk.;11592-1000;39.90
Mehrweglöffel - Transparent 2000 Stk.;11596;74.90
Mehrwegmesser - Superior Transparent 1000 Stk.;11590-1000;39.90
Mehrweggabel - Superior Transparent 2000 Stk.;11592;69.90
Mehrwegmesser - Superior Transparent 2000 Stk.;11590;69.90
Mehrweggabel - Superior weiß 100 Stk.;11956-100;6.99
Mehrweglöffel - ECO Transparent 100 Stk.;11542-100;2.99
Mehrwegmesser - Superior weiß 50 Stk.;11591-50;3.49
Holz-Messer - 16,5cm - 100 Stk.;12540-100;4.50
Holz-Gabel - 16cm - 100 Stk.;12541-100;4.50
Alu Einlegedeckel für R14L -100Stk.;13031;4.85
Alu Schale, 450ml. R28L (450B) 100 Stk.;13028;10.95
Aluschale 670ml. R13L (670B) - 100 Stk.;13021;12.95
Aluschale 860ml. R84L - 100Stk.;13023;14.60
Aluschale 650ml. R65L (650B) - 100 Stk.;13025;13.65
Aluschale 901ml. R14L - 100Stk.;13027;14.95
Aluschale rund 770ml C801-770L - 100Stk.;13029;14.95
Alu Menüschale 3 geteilt - tief 960ml (R819-960G) - 100 Stk.;13032;23.95
Alu Menüschale 3 geteilt mit Deckel 760ml (R881-760G) 1000 Stk;13042-1000;254.90
Alu Menüschale ungeteilt 930 ml (R879-930G) - 100 Stk.;13038;16.95
Alu Menüschale 2 geteilt - 830ml (R880-812G) - 100 Stk.;13040;17.95
Alu Menüschale 2 geteilt - tief (R808-1020G) - 100 Stk.;13043;19.95
Alu Menüschale ungeteilt, tief (R792-1150G) - 100 Stk.;13048;19.65
Alu Großschale 2625ml 100 Stk.;13049-100;41.99
Alu Großschale 5350 ml - 100 Stk.;13050;149.90
Klarsichtdeckel für Alu Menüschalen 250 St.;13063;59.90
Alu Einlegedeckel für R13L (670B) - 100Stk.;13022;4.20
Alu Einlegedeckel rund für C801-770L - 100Stk.;13034;5.60
Alu Einlegedeckel für R28L - (450B) - 100 Stk.;13018;3.20
Alu Einlegedeckel für (R84L) - 100Stk.;13020;4.70
Alu Einlegedeckel für Menüschalen - 100 Stk.;13041;7.95
Alu Partyplatte klein oval 100 Stk.;13045;39.90
Alu Partyplatte mittel oval 10 Stk.;13046-A;9.90
Alu Partyplatte groß oval 10 Stk.;13047-A;14.95
Alu Einlegedeckel für R65L (650B) - 100 Stk.;13044;4.65
Alu Partyplatte klein oval 10 Stk.;13045-A;6.90
Alu-Großschale 10 Stk. 2625 ml;13049-A;11.90
Alu Großschale 10 Stk. 5350 ml;13050-A;21.90
Müllsäcke 120 Liter, 250 Stk, Blau;10171;35.90
Achteck-Salatschalen 1000 ml 350 Stk.;13757;109.90
Menübox ungeteilt XPS, weiss 200 Stk.;14012;29.90
Menübox 3 geteilt XPS, weiss 200 Stk.;14040;29.90
SPARSET -1000 Stk. Coffee to Go Becher 300ml;SP11511S;99.90
SPARSET -1000 Stk. Coffee to Go Becher 300ml + Deckel;SP11511W;99.90
SPARSET -1000 stk. Coffee to Go Becher 200ml;SP11513W;63.90
25 Rollen Dönerfolie 30cm;12050;35.90
Folienspender 45 cm Breite;13052;23.90
Beutelverschlüsse 33x8 mm Gold 200 Stück;10202-200;3.90
Pappteller Rund 20cm 1000 Stk.;19020;53.90
Kuchenteller Rund 32cm 250 Stk.;19032;45.90
Kuchenteller Rund 34cm 200 Stk.;19034;36.90
Obst Bodenbeutel 1000g 1000 Stk.;19897;35.90
1 Rolle Handstretchfolie 50 cm;12033;7.90
Obst Bodenbeutel 1500g 1000 Stk.;19898;43.90
Obst Bodenbeutel 2000g 500 Stk.;19899;23.90
6 Rolle Handstretchfolie 50 cm;12033-6;39.90
Gyros Box neutralmotiv groß 500 Stk.;12101;65.90
Asia Box GUTEN APPETiT 16oz;61116;69.90
Asia Box GUTEN APPETiT 26oz;61126;89.90
Food Box 16oz Weiss 500 Stk.;62116;49.90
Hemdchentragetaschen gelb 2000 Stk.;10025g;43.90
Jumbo Hemdchentragetaschen 1000 Stk.;10050b;44.90
Hemdchentragetaschen blau 2000 Stk.;10025b;43.90
Coffee to Go Becher - 400ml - 1000 Stk.;10783;84.90
SPARSET -1000 Stk. Coffee to Go Becher 400ml;SP10783S;108.90
SPARSET -1000 Stk. Coffee to Go Becher 400ml + Deckel;SP10783W;108.90
Pommestüten aus Pergamentersatz 19cm 125gr;19201;29.90
Pommestüten aus Pergamentersatz 21cm 200gr;19202;33.90
Spitzbecher / Papierkegel (Cones) – in Weiß, 8oz (200 ml);19220;117.90
Rollenhandtücher 2 Lagig Weiss FUNNY AG-072;11649-AG-072;36.99
XXL Jumbo Hemdchentragetaschen 500 Stk.;10156b;49.90
500 St. Salatschale 610 ml. rund;11610;26.90
300 St. Flacheckel für Salatschale 1000ml;11101;34.90
250 St. Salatschale 610 ml mit Deckel;11612;26.90
"Hemdchentragetaschen - ""FISCH"" 1000 Stk.";10035;28.90
Dressingbecher 30ml mit Deckel 500 Stk.;11049W;15.90
Hamburger Papier PE-beschichtet 31x40 cm;14060;29.90
Holz Snack-Gabeln 12cm 1000 Stk.;19192;10.90
"Pappbecher mit Neutraldruck "" 300 ml";10787;108.90
Deckel für Pappbecher 400-500ml 2000 Stk.;10789;53.99
Becherhalter für 2 Becher;11499;27.90
Becherhalter holzschliff für 4 Becher;11498;25.90
Menüschalen - schwarz, 2 geteilt, 300 Stück;14051;81.90
Döner Box 16oz 500 Stk.;12044-UNO;49.90
Döner-Box 26oz groß 500 Stk.;12046;69.90
Alufolie 45cm x 150m - 14my;12067;79.90
Alufolie 45cm x 80m -14my;12072;59.90
Trinkbecher 200ml - weiß;11516;49.90
Trinkbecher 300ml - weiß;11517;79.90
Ausschankbecher 200ml - weiß;11516A;53.90
Ausschankbecher 200ml - klar;11520A;55.90
Ausschankbecher 300ml - weiß;11517A;79.90
Ausschankbecher klar mit Schaumrand - 300ml;11552A;109.90
Ausschankbecher Bierbecher 400ml Klar;11514A;101.90
Trinkbecher 500ml - klar mit Schaumrand;11518;98.90
Polybeutel LDPE 40 x 60 cm 1000 Stk.;12082;58.90
Bodenbeutel PP 95 x 160 mm 200 Stück;10182-200;8.99
Bodenbeutel PP 100 x 200 mm 200 Stück;10184-200;11.99
Bodenbeutel PP 100 x 200 mm 1000 Stück;10184;47.90
Bodenbeutel PP 100 x 200 mm 500 Stück;10184-500;29.99
Pommesschalen 12x21x3,5cm 1000 Stk.;19122;69.90
Hemdchentragetaschen weiss 1000 Stk.;16070;37.90
Hemdchentragetaschen orange 2000 Stk.;10030or;33.90
DUNI Servietten 33 x 33 cm 3 Lagig 1000 Stk.;VU2121928;59.90
Food Box 26oz Weiss 500 Stk.;62126;59.90
Pasta Box Nudelbox Klein 500 Stk.;12200;63.90
Gyros Box neutralmotiv klein 500 Stk.;12100;53.99
Pasta Box Nudelbox Gross 500 Stk.;12201;75.90
Bodenbeutel PP 120 x 225 mm 200 Stück;10185-200;14.99
Bodenbeutel PP 180 x 300 mm 200 Stück;10187-200;19.90
Bodenbeutel PP 160 x 270 mm 200 Stück;10186-200;18.90
Bodenbeutel PP 120 x 225 mm 500 Stück;10185-500;32.99
Bodenbeutel PP 160 x 270 mm 500 Stück;10186-500;35.99
Bodenbeutel PP 180 x 300 mm 500 Stück;10187-500;45.90
Bodenbeutel PP 120 x 225 mm 1000 Stück;10185;48.90
Bodenbeutel PP 160 x 270 mm 1000 Stück;10186;56.99
Bodenbeutel PP 180 x 300 mm 1000 Stück;10187;73.90
Pommes spitztüten 17 cm 1000 Stk;10768;17.90
Pommes spitztüten 19 cm 1000 Stk;10769;19.90
Pommestüten aus Pergamentersatz 23cm 250gr;19203;36.90
Tork Servietten 33 x 33 cm 3 Lagig 1500 Stück;VU2119107;79.90
Tork Servietten 33 x 33 cm 3 Lagig 1500 Stück;VU2116327;79.90
Tork Servietten 33 x 33 cm 3 Lagig 1500 Stück;VU2117302;79.90
Tork Servietten 33 x 33 cm 3 Lagig 1500 Stück;VU2116297;79.90
Tork Servietten 33 x 33 cm 3 Lagig 1500 Stück;VU2117285;79.90
Tork Servietten 33 x 33 cm 3 Lagig 1500 Stück;VU2119080;79.90
Tork Servietten 33 x 33 cm 3 Lagig 1500 Stück;VU2119109;79.90
Tork Servietten 33 x 33 cm 3 Lagig 1500 Stück;VU2119112;81.90
Tork Servietten 33 x 33 cm 3 Lagig 1500 Stück;VU2117284;81.90
Tork Servietten 39 x 39 cm 3 Lagig 1200 Stück;VU2101007;79.90
Tork Servietten 39 x 39 cm 3 Lagig 1200 Stück;VU2116298;79.90
Tork Servietten 39 x 39 cm 3 Lagig 1200 Stück;VU2116332;79.90
Tork Servietten 39 x 39 cm 3 Lagig 1200 Stück;VU2101003;79.90
Tork Servietten 39 x 39 cm 3 Lagig 1200 Stück;VU2101005;79.90
Tork Servietten 39 x 39 cm 3 Lagig 1200 Stück;VU2116295;79.90
Tork Servietten 39 x 39 cm 3 Lagig 1200 Stück;VU2101006;79.90
Tork Servietten 39 x 39 cm 3 Lagig 1200 Stück;VU2116331;79.90
Tork Servietten 39 x 39 cm 3 Lagig 1200 Stück;VU2116333;79.90
Tork Servietten 39 x 39 cm 3 Lagig 1200 Stück;VU2119081;79.90
Tork Servietten 39 x 39 cm 3 Lagig 1200 Stück;VU2119082;79.90
Tork Servietten 39 x 39 cm 3 Lagig 1200 Stück;VU2119079;79.90
Tork Servietten 39 x 39 cm 3 Lagig 1200 Stück;VU2118636;79.90
Tork Servietten 39 x 39 cm 3 Lagig 1200 Stück;VU2101004;79.90
Tork Servietten 39 x 39 cm 3 Lagig 1200 Stück;VU2098493;79.90
Tork Servietten 39 x 39 cm 3 Lagig 1200 Stück;VU2117204;79.90
Tork Servietten 39 x 39 cm 3 Lagig 1200 Stück;VU2116321;81.90
Tork Servietten 39 x 39 cm 3 Lagig 1200 Stück;VU2098492;69.90
Tork Servietten 39 x 39 cm 3 Lagig 1200 Stück;VU2117286;81.90
Tork Servietten 39 x 39 cm 3 Lagig 1200 Stück;VU2116320;81.90
Tork Servietten 39 x 39 cm 3 Lagig 1200 Stück;VU2116324;81.90
Tork Servietten 39 x 39 cm 3 Lagig 1200 Stück;VU2116322;81.90
Tork Servietten 39 x 39 cm 3 Lagig 1200 Stück;VU2116323;81.90
Tork Servietten 39 x 39 cm 3 Lagig 1200 Stück;VU2116325;81.90
"Papierspitztüten ""Fish & Chips"" 23cm 500 Stk.";10891;32.90
Frischhaltefolie 30cm x 300 m;12031;17.90
PVC- Frischhaltefolie lila 45 cm;12034;39.90
Menübox 2-geteilt XPS, weiss 200 Stk.;14043;29.90
Menüschalen - schwarz, ungeteilt 300 Stück;14050;81.90
Lunch-Box, IP9, cream 500 Stk.;14020 cream;54.90
Hamburger-Box, IP7 klein, weiss 500 Stk.;14015;27.90
Hamburger-Box, IP6, groß cream 500 Stk.;14014;43.90
Lunch-Box, IP10, weiß 500 Stk.;14019W;64.90
Menübox ungeteilt XPS, cream 200 Stk.;14008;27.90
Menübox 2-geteilt XPS, cream 200 Stk.;14038;27.90
Menübox 3 geteilt XPS, cream 200 Stk.;14039;27.90
"Pappbecher mit Neutraldruck ""Enjoy"" 2000 Stück 200 ml";10785;106.90
"Pappbecher mit Neutraldruck ""Enjoy"" 1000 Stück 400 ml";10786;98.90
"Pappbecher mit Neutraldruck ""Enjoy"" 1000 Stück 500 ml";10788;103.90
Holzrührstäbchen 19cm 1000 Stück;11568;5.46
Rührstäbchen 11,5cm weiß 2000 Stück;11546;8.90
Knotenbeutel 5kg 4000 Stück -Extra Stark-;99878;68.90
Knotenbeutel 3kg 5000 Stück;99874;64.90
Knotenbeutel 5kg 4000 Stück;99872;56.90
Menüschale 609 ungeteilt versiegelbar 500 Stk.;14053;95.90
Hamburger Papier 25x33 cm Orange;14062;37.90
Hamburger Papier 25x33 cm 2000st Blau;14061;37.90
300 St. Salatbox 500ml Sechseckig;11600;34.90
Salatbox 750ml Achteckig 200 Stück;11656;34.90
PVC- Frischhaltefolie lila 60 cm;12035;49.90
Fladenbrotbeutel 31 x 50 + 2 cm;10140;59.90
Papiertragetaschen weiß 32+22x28cm 250 Stück;10407;44.90
Papiertragetaschen weiß 22+10x28cm 250 Stück;10401;27.90
Papiertragetaschen braun 22+10x36cm 250 Stück;10302;29.90
Papiertragetaschen braun 32+17x42cm 250 Stück;10308;53.90
Papiertragetaschen weiß 26+17x25cm 250 Stück;10403;33.90
Papiertragetaschen braun 45+17x47cm 150 Stück;10310;49.90
Papiertragetaschen braun 18+8x22cm 250 Stück;10300;19.90
Papiertragetaschen braun 26+17x25cm 250 Stück;10303;27.90
Papiertragetaschen braun 22+10x28cm 250 Stück;10301;24.90
Papiertragetaschen weiß 32+16x45cm 250 Stück;10408;49.90
Papiertragetaschen braun 26+12x35cm 250 Stück;10306;39.90
Papiertragetaschen braun 32+22x28cm 250 Stück;10307;39.90
"Papierfaltenbeutel 12 x 5 x 25 cm ""Pizza""";10417;15.90
Papiertragetaschen weiß 18+8x22cm 250 Stück;10400;25.90
Papiertragetaschen weiß 22+10x36cm 250 Stück;10402;29.90
Papiertragetaschen weiß 26+12x35cm 250 Stück;10406;39.90
Bestecktasche 7 x 28 cm gefädelt;10446;18.49
Burgerbox Hamburgerbox;15650;19.90
EC-Cash Thermorollen 57 x 35 x 12 mm 13 meter;18500;29.41
Thermorollen 57mm x 50m x 12 mm;18501;44.99
Thermorollen 80mm x 80m x 12 mm;18502;67.99
Frischpack Papier 1/4 Bogen - 1 Karton;13752 BLAU;41.90
Lunch-Box, IP9, weiß 500 Stk.;14020;54.90
Pappteller Rund Braun 23cm 900 Stk.;19025;49.90
Coffee To Go Becher 200ml natur-braun 1000 Stk.;GM8OZCARK;56.90
Coffee To Go Becher 300ml natur-braun 1000 Stk.;GM12OZCARK;69.90
Coffee To Go Becher 400ml natur-braun 1000 Stk.;GM16OZCARK;89.90
Coffee To Go Becher 200ml weiß 500 Stk.;GM8OZCARB;24.90
Coffee To Go Becher 300ml weiß 500 Stk.;GM12OZCARB;29.90
Coffee To Go Becher 400ml weiß 500 Stk.;GM16OZCARB;36.90
Lunch-Box IP10 Bagasse 500 Stk.;19315;98.90
Menübox ungeteilt Bagasse, 200 Stk.;19351;59.90
Menübox 2-geteilt Bagasse, 200 Stk.;19352;59.90
Menübox 3-geteilt Bagasse, 200 Stk.;19353;59.90
Food Box 16oz Braun 500 Stk;13100;49.90
Food Box 26oz Braun 500 Stk;13101;59.90
Snacktasche weiß mit Zeitungsmotiv 1000 St.;10762;19.99
Snacktasche braun mit Zeitungsmotiv 1000 St.;10763;14.95
Hamburger-Box klein Bagasse 500 Stk.;19309;49.90
Hamburger-Box groß Bagasse 500 Stk.;19310;69.90
"Soup To Go-Becher ""airpac"" 350ml";13350;54.90
"Soup To Go-Becher ""airpac"" 500ml";13351;58.90
"Soup To Go-Becher ""airpac"" 750ml";13352;64.90
Deckel für airpac Soup To Go Becher;13353;33.90
Papiertragetaschen braun 32+16x27cm 250 Stück;10309;36.90
"Pappbecher mit Neutraldruck "" 180 ml";11784;38.90
Holz-Löffel - 16cm - 100 Stk.;12542-100;4.50
Holz-Kaffeelöffel - 11cm - 100 Stk.;12543-100;3.70
Holz-Gabel - 16cm - 2000 Stk.;12541-2500;58.90
Holz-Messer - 16,5cm - 2000 Stk.;12540-2500;58.90
Holz-Löffel - 16cm - 1000 Stk.;12542;29.90
Holz-Gabel - 16cm - 1000 Stk.;12541;29.90
Holz-Kaffeelöffel - 11cm - 2500 Stk.;12543-2500;68.90
Holz-Messer - 16,5cm - 1000 Stk.;12540;29.90
Holz-Löffel - 16cm - 2000 Stk.;12542-2500;58.90
Holz-Kaffeelöffel - 11cm - 1000 Stk.;12543-1000;27.80
Pommes-Frites-Gabeln, Holz 8,5cm 1000 Stk.;19193;5.90
Espresso To Go Becher 100 ml-1000 Stk.;11509;32.90
Alu Menüschale 2 geteilt, tief mit Deckel (R808-1020G)-1000 Stk.;13043-1000;263.90
Alu Menüschale 3 geteilt, tief mit Deckel (R819-960G) -1000 Stk.;13032-1000;289.90
Alu Menüschale ungeteilt,tief mit Deckel (R792-1150G) 1000 Stk.;13048-1000;259.90
Alu Schale mit Deckel 670ml. R13L (670B) 1200 Stk.;13021-1200;179.90
Alu Schale mit Deckel 650ml. R65L (650B) 1200 Stk.;13025-1200;198.90
Alu Menüschale ungeteilt mit Deckel 930 ml (R879-930G)-1000 Stk.;13038-1000;229.90
Alu Menüschale 2-geteilt mit Deckel 830ml, (R880-812G) 1000 Stk;13040-1000;239.90
Alu Schale rund mit Deckel 770ml. C801-770L 600 Stk.;13029-600;106.90
Alu Schale mit Deckel 901ml. R14L 1000 Stk.;13027-1000;174.90
Alu Schale mit Deckel 860ml. R84L 1000 Stk.;13023-1000;179.90
Alu Schale mit Deckel 450ml. R28L (450B) 1000 Stk.;13028-1000;124.90
Alu Menüschale 3 geteilt - 760ml (R881-760G) - 100 Stk.;13042;19.50
Hamburger-Box L braun 400 Stk.;19311;49.90
Eislöffel - 13cm - Bunt - 500 Stk.;10601;9.90
Salatschalen Pappe Braun 1100ml 300 stk.;11952;71.90
Salatschalen Pappe Braun 750ml 300 stk.;11951;55.90
Salatschalen Pappe Braun 500ml 300 stk.;11950;53.90
Deckel für Salatschale Pappe 500-750 ml;11953;31.90
Deckel für Salatschale Pappe 1100-1300 ml;11954;48.90
Salatschalen Pappe Braun 1300 ml 300 stk.;11955;74.90
DUNI Servietten 33 x 33 cm 2 Lagig 3000 Stk.;10979;74.90
3000 Stk. Pappteller Eckig mit abriss 9 x 15 +3 cm;19079;51.50
Mehrweglöffel - Superior schwarz 50 Stk.;11595-50 S;3.99
Mehrweglöffel - Superior weiß 1000 Stk.;11595-1000;41.90
Mehrweglöffel - Superior Weiß 2000 Stk.;11595;74.90
Mehrweggabel - ECO Transparent 100 Stk.;11541-100;2.79
Mehrweggabel - ECO Transparent 1000 Stk.;11541-1000;24.90
Mehrweglöffel - Superior weiß 50 Stk.;11595-50;3.99
Mehrweglöffel - ECO Transparent 1000 Stk.;11542-1000;26.90
Schlaufentragetasche LDPCR weiss 250 st.;10080;49.90
DUNI Servietten 40 x 40 cm 3 Lagig 1000 Stk.;VU1966213;86.90
Mehrweggabel - Superior schwarz 2000 Stk.;11593;69.90
Mehrweggabel - ECO Transparent 2000 Stk.;11541;41.90
Kaffeelöffel - Einweg - in weiss 1000 Stk.;10601-1000;14.90
Mehrwegmesser - Superior schwarz 2000 Stk.;V2044660U-2000;69.90
Mehrweglöffel - Superior Transparent 1000 Stk.;11596-1000;41.90
Midi Handtuchrollen 2 lagig weiß;11649;21.90
Snacktasche Braun unbedruckt 2000 Stk.;10764;25.99
Trinkbecher 500ml Pappe weiß 1000 Stk.;10805;114.90
Trinkbecher 400ml Pappe weiß 1000 Stk.;10804;96.90
Trinkbecher 300ml Pappe weiß 2000 Stk.;10803;137.90
"Trinkbecher 300ml Pappe ""Coca Cola"" 2000 Stk.";10703;139.90
"Trinkbecher 400ml Pappe ""Coca Cola"" 1000 Stk.";10704;99.90
"Trinkbecher 500ml Pappe ""Coca Cola"" 1000 Stk.";10705;109.90
Deckel für Pappbecher 300ml 1000 Stk.;10801;24.90
Octaview Boxen mit anhängendem Deckel 1000 ml;14055;108.90
Lunchboxen braun Kraftkarton 180 Stk.;19400;52.90
Alu Großschale 2625ml 300 Stk.;13049;119.90
Suppenbecher aus Pappe 470ml mit Deckel;13349;59.90
Tork Servietten 39 x 39 cm 3 Lagig 1200 Stück;VU2117301;81.90
DUNI Servietten 24 x 24 cm 3 Lagig 2000 Stk.;VU2095149;84.90
Servietten weiß 24x24cm 2-lagig 1/4 Falz;228663;25.90
Servietten orange 33x33cm 3-lagig 1/4 Falz;228557;36.90
Servietten blau 33x33cm 2-lagig 1/4 Falz;228589;36.90
Servietten bordeaux 33x33cm 2-lagig 1/4 Falz;228588;36.90
Servietten gelb 33x33cm 2-lagig 1/4 Falz;228585;36.90
Servietten rot 33x33cm 2-lagig 1/8 Falz;228541;36.90
Servietten orange 33x33cm 2-lagig 1/4 Falz;228586;36.90
Servietten schwarz 33x33cm 2-lagig 1/4 Falz;229344;36.90
Servietten weiß 33x33cm 2-lagig 1/8 Falz;228538;29.90
Servietten cream 33x33cm 2-lagig 1/8 Falz;228539;36.90
Servietten rot 33x33cm 2-lagig 1/4 Falz;228587;36.90
Servietten bordeaux 33x33cm 2-lagig 1/8 Falz;228542;36.90
Servietten blau 33x33cm 2-lagig 1/8 Falz;228543;36.90
Servietten grün 33x33cm 2-lagig 1/8 Falz;228544;36.90
Servietten cream 33x33cm 2-lagig 1/4 Falz;228584;36.90
Servietten grün 40x40cm 2-lagig 1/4 Falz;228526;51.90
Servietten weiß 40x40cm 2-lagig 1/8 Falz;228518;44.90
Servietten cream 40x40cm 2-lagig 1/4 Falz;228521;51.90
Servietten gelb 40x40cm 2-lagig 1/4 Falz;228522;51.90
Servietten rot 40x40cm 2-lagig 1/4 Falz;228523;51.90
Servietten bordeaux 40x40cm 2-lagig 1/4 Falz;228524;51.90
Servietten blau 40x40cm 2-lagig 1/4 Falz;228525;51.90
Servietten weiß 40x40cm 2-lagig 1/4 Falz;228520;44.90
Servietten gelb 33x33cm 2-lagig 1/8 Falz;228540;36.90
Servietten schwarz 24x24cm 3-lagig 1/4 Falz;229340;29.90
Servietten grau 24x24cm 3-lagig 1/4 Falz;228602;29.90
Servietten grün 24x24cm 3-lagig 1/4 Falz;228601;29.90
Servietten blau 24x24cm 3-lagig 1/4 Falz;228600;29.90
Servietten bordeaux 24x24cm 3-lagig 1/4 Falz;228599;29.90
Servietten rot 24x24cm 3-lagig 1/4 Falz;228598;29.90
Servietten orange 24x24cm 3-lagig 1/4 Falz;228597;29.90
Servietten gelb 24x24cm 3-lagig 1/4 Falz;228596;29.90
Servietten cream 24x24cm 3-lagig 1/4 Falz;228595;29.90
Servietten weiß 24x24cm 3-lagig 1/4 Falz;228594;27.90
Servietten weiß 33x33cm 2-lagig 1/4 Falz;228583;29.90
Servietten weiß 33x33cm 3-lagig 1/4 Falz;228553;33.90
Servietten gelb 33x33cm 3-lagig 1/4 Falz;228556;36.90
Servietten cream 33x33cm 3-lagig 1/4 Falz;228555;36.90
Servietten schwarz 33x33cm 3-lagig 1/4 Falz;229343;36.90
Servietten pink 33x33cm 3-lagig 1/4 Falz;228565;36.90
Servietten peach apricot 33x33cm 3-lagig 1/4 Falz;228564;36.90
Servietten grau 33x33cm 3-lagig 1/4 Falz;228563;36.90
Servietten grün 33x33cm 3-lagig 1/4 Falz;228562;36.90
Servietten grün 33x33cm 3-lagig 1/4 Falz;228561;36.90
Servietten blau 33x33cm 3-lagig 1/4 Falz;228560;36.90
Servietten bordeaux 33x33cm 3-lagig 1/4 Falz;228559;36.90
Servietten rot 33x33cm 3-lagig 1/4 Falz;228558;36.90
Servietten blau 33x33cm 3-lagig 1/8 Falz;228578;36.90
Servietten weiß 33x33cm 3-lagig 1/8 Falz;228573;33.90
Servietten schwarz 33x33cm 3-lagig 1/8 Falz;232170;36.90
Servietten orange 33x33cm 3-lagig 1/8 Falz;232255;36.90
Servietten grün 33x33cm 3-lagig 1/8 Falz;230779;36.90
Servietten grün 33x33cm 3-lagig 1/8 Falz;228579;36.90
Servietten bordeaux 33x33cm 3-lagig 1/8 Falz;228577;36.90
Servietten rot 33x33cm 3-lagig 1/8 Falz;228576;36.90
Servietten gelb 33x33cm 3-lagig 1/8 Falz;228575;36.90
Servietten cream 33x33cm 3-lagig 1/8 Falz;228574;36.90
Servietten schwarz 40x40cm 3-lagig 1/4 Falz;229339;48.90
Servietten pink 40x40cm 3-lagig 1/4 Falz;228537;48.90
Servietten peach apricot 40x40cm 3-lagig 1/4 Falz;228536;48.90
Servietten grau 40x40cm 3-lagig 1/4 Falz;228535;48.90
Servietten grün 40x40cm 3-lagig 1/4 Falz;228534;48.90
Servietten grün 40x40cm 3-lagig 1/4 Falz;228533;48.90
Servietten blau 40x40cm 3-lagig 1/4 Falz;228532;48.90
Servietten bordeaux 40x40cm 3-lagig 1/4 Falz;228531;48.90
Servietten rot 40x40cm 3-lagig 1/4 Falz;228530;48.90
Servietten gelb 40x40cm 3-lagig 1/4 Falz;228529;48.90
Servietten cream 40x40cm 3-lagig 1/4 Falz;228528;48.90
Servietten weiß 40x40cm 3-lagig 1/4 Falz;228527;44.90
Servietten weiß 40x40cm 3-lagig 1/8 Falz;228566;44.90
Servietten grün 40x40cm 3-lagig 1/8 Falz;228572;48.90
Servietten blau 40x40cm 3-lagig 1/8 Falz;228571;48.90
Servietten bordeaux 40x40cm 3-lagig 1/8 Falz;228570;48.90
Servietten rot 40x40cm 3-lagig 1/8 Falz;228569;48.90
Servietten gelb 40x40cm 3-lagig 1/8 Falz;228568;48.90
Servietten cream 40x40cm 3-lagig 1/8 Falz;228567;48.90
Soup To Go-Becher 1000ml PP weiß;10540;89.90
Deckel für Soup To Go Becher 1000ml PP weiß;10541;42.90
Einmalhandschuhe Nitril - 100 Stk. Schwarz;17788-Schwarz-XL-100;4.21
Einmalhandschuhe Nitril - 1000 Stk. Schwarz;17788-Schwarz-XL-1000;42.10
Einmalhandschuhe Nitril - 100 Stk. Schwarz;17788-Schwarz-S-100;4.21
Einmalhandschuhe Nitril - 1000 Stk. Schwarz;17788-Schwarz-S-1000;42.10
Einmalhandschuhe Nitril - 100 Stk. Schwarz;17788-Schwarz-L-100;4.21
Einmalhandschuhe Nitril - 1000 Stk. Schwarz;17788-Schwarz-L-1000;42.10
Einmalhandschuhe Nitril - 100 Stk. Schwarz;17788-Schwarz-M-100;4.21
Einmalhandschuhe Nitril - 1000 Stk. Schwarz;17788-Schwarz-M-1000;42.10
Einmalhandschuhe Nitril - 100 Stk. Blau;17789-BLAU-S-100;4.21
Einmalhandschuhe Nitril - 1000 Stk. Blau;17789-BLAU-S-1000;42.10
Einmalhandschuhe Nitril - 100 Stk. Blau;17789-BLAU-M-100;4.21
Einmalhandschuhe Nitril - 1000 Stk. Blau;17789-BLAU-M-1000;42.10
Einmalhandschuhe Nitril - 100 Stk. Blau;17789-BLAU-L-100;4.21
Einmalhandschuhe Nitril - 1000 Stk. Blau;17789-BLAU-L-1000;42.10
Einmalhandschuhe Nitril - 100 Stk. Blau;17789-BLAU-XL-100;4.21
Einmalhandschuhe Nitril - 1000 Stk. Blau;17789-BLAU-XL-1000;42.10
Burgerbox -M- Wellpappe 115x115x90mm 220 Stk.;19313;45.90
Burgerbox -S- Wellpappe 105x102x84mm 210 Stk.;19312;44.90
Burgerbox -L-Wellpappe 125x125x100mm 200 Stk;19314;49.90
MEHRWEG-Tragetaschen Klein 400 Stk.;10063;27.90
MEHRWEG-Tragetaschen Jumbo 250 Stk.;10064;39.90
Papiertragetaschen braun 32+16x45cm 200 Stück;10311;49.90
Knotenbeutel 5kg 3000 Stück;99875;53.90
"Papierfaltenbeutel 10 x 8 x 20 cm ""Dürüm""";11565;19.80
Dessert Schachteln für Baklava 250g - 200 Stk.;14103;39.99
Transport- und Catering-Kartons, groß, 40 Stk.;19200;79.90
Alu Partyplatte mittel oval 120 Stk.;13046;75.90
Alu Partyplatte groß oval 100 Stk.;13047;124.90
Bio Servietten 24x24cm 1/4-Falz 2-lagig 4000 Stk.;250662;51.90
Bio Servietten 33x33cm 1/4-Falz 2-lagig 2000 Stk.;250663;43.90
Bio Servietten 40x40cm 1/4-Falz 2-lagig 1500 Stk.;250665;48.90
Bio Servietten 40x40cm 1/8-Falz 2-lagig 1500 Stk.;250664;48.90
Bio Servietten 33x33cm 1/8-Falz 2-lagig 2000 Stk.;250660;43.90
Bestecktaschen mit integrierter Serviette white;305024;63.90
Bestecktaschen mit integrierter Serviette cream;305021;63.90
Bestecktaschen mit integrierter Serviette orange;305020;63.90
Bestecktaschen mit integrierter Serviette Lime;305023;63.90
Bestecktaschen mit integrierter Serviette Yellow;305022;63.90
Servietten grün 33x33cm 2-lagig 1/4 Falz;228590;36.90
Holzbesteck-Set 3-teilig 500 Stück;12544;49.90
Eislöffel - 13cm - Orange - 500 Stk.;10605;9.90
Eislöffel - 13cm - grün - 500 Stk.;10603;9.90
Eislöffel - 13cm - Sand - 500 Stk.;10602;9.90
Dom-Deckel ohne Loch;11604;33.90
Dom-Deckel mit Loch;11605;33.90
Smoothie-Cups 225ml;11606;59.90
Smoothie-Cups 500ml;11609;89.90
Smoothie-Cups 400ml;11608;79.90
Smoothie-Cups 300ml;11607;69.90
Eislöffel - 13cm - blau - 500 Stk.;10604;9.90
HDPE-Flachbeutel 40 x 60 cm 1000 Stk.;10160;33.90
Lunchtüte braun - S - 18+13x30cm;303218;39.90
Lunchtüte braun - M - 22+14x29cm;303220;24.90
Lunchtüte braun - L - 26+17x34cm;303221;28.90
Snackschalen 300ml - 155x115x40mm;234680;69.90
Snackschalen 800ml - 210x150x55mm;234676;59.90
Snackschalen 400ml - 170x125x45mm;234675;74.90
Snackschalen 500ml - 185x135x45mm;234650;79.90
Hot-Dog Beutel 9x21cm Braun Kraft | 2-seitig offen;300107;10.90
Eisbecher 90ml Milky;19250;123.90
Eisbecher 190ml Milky;19251;115.90
Eisbecher 370ml Milky;19252;109.80
Eisbecher 500ml Milky;19253;124.90
Eisbecher 750ml Milky;19254;69.90
Eisbecher 1000ml Milky;19255;89.90
Snackschale Pappe A20;234865;66.90
SERA Frischhaltefolie 45cm;12054;59.90
Folienverpackungsmaschine 45cm;12053;219.00
Thermorollen 62mm x 50m x 12 mm;18504;59.90
Linerless Waagenetiketten 58 x 65m x 40 selbstklebend;18503;62.90
Bäckerfaltenbeutel 12x5x24cm - 1000 Stk.;10418-OD;16.90
Einweg-PE-Handschuhe;17790;0.99
Müllsäcke 240 Liter, 100 Stk. Blau;10177;34.90
Klappschale 575ml Rechteckig 720 Stk.;10450;109.90
Jumbo-Trinkhalme, Mehrweg, schwarz 5000 Stk.;11529;79.90
Jumbo-Trinkhalme, Mehrweg, Bunt 5000 Stk.;11534;98.90
Kurze Mehrweg-Trinkhalme, schwarz 7000 Stk.;12109;89.90
